No,Kode,Nama Perusahaan,Tanggal Pencatatan,Saham,Papan Pencatatan
1,AALI,Astra Agro Lestari Tbk.,09 Des 1997,1.924.688.333,Utama
2,ABBA,Mahaka Media Tbk.,03 Apr 2002,3.935.892.857,Pemantauan Khusus
3,ABDA,Asuransi Bina Dana Arta Tbk.,06 Jul 1989,620.806.680,Pemantauan Khusus
4,ABMM,ABM Investama Tbk.,06 Des 2011,2.753.165.000,Utama
5,ACES,Aspirasi Hidup Indonesia Tbk.,06 Nov 2007,17.120.389.700,Utama
6,ACST,Acset Indonusa Tbk.,24 Jun 2013,12.675.160.000,Pengembangan
7,ADES,Akasha Wira International Tbk.,13 Jun 1994,589.896.800,Pengembangan
8,ADHI,Adhi Karya (Persero) Tbk.,18 Mar 2004,8.407.608.979,Utama
9,ADMF,Adira Dinamika Multi Finance T,31 Mar 2004,1.000.000.000,Pengembangan
10,ADMG,Polychem Indonesia Tbk,20 Okt 1993,3.889.179.559,Pengembangan
11,ADRO,Adaro Energy Indonesia Tbk.,16 Jul 2008,30.758.665.900,Utama
12,AGII,Samator Indo Gas Tbk.,28 Sep 2016,3.066.660.000,Pengembangan
13,AGRO,Bank Raya Indonesia Tbk.,08 Agt 2003,24.493.093.216,Utama
14,AGRS,Bank IBK Indonesia Tbk.,22 Des 2014,47.367.057.874,Pengembangan
15,AHAP,Asuransi Harta Aman Pratama Tb,14 Sep 1990,4.900.000.000,Pengembangan
16,AIMS,Artha Mahiya Investama Tbk.,20 Jul 2001,220.000.000,Pengembangan
17,AISA,FKS Food Sejahtera Tbk.,11 Jun 1997,9.311.800.000,Utama
18,AKKU,Anugerah Kagum Karya Utama Tbk,01 Nov 2004,6.449.463.636,Pemantauan Khusus
19,AKPI,Argha Karya Prima Industry Tbk,18 Des 1992,612.248.000,Pengembangan
20,AKRA,AKR Corporindo Tbk.,03 Okt 1994,20.073.474.600,Utama
21,AKSI,Mineral Sumberdaya Mandiri Tbk,13 Jul 2001,720.000.000,Pengembangan
22,ALDO,Alkindo Naratama Tbk.,12 Jul 2011,2.700.713.744,Pengembangan
23,ALKA,Alakasa Industrindo Tbk,12 Jul 1990,507.665.055,Pengembangan
24,ALMI,Alumindo Light Metal Industry ,02 Jan 1997,3.816.000.000,Pemantauan Khusus
25,ALTO,Tri Banyan Tirta Tbk.,10 Jul 2012,2.191.870.558,Pemantauan Khusus
26,AMAG,Asuransi Multi Artha Guna Tbk.,23 Des 2005,5.001.552.516,Pengembangan
27,AMFG,Asahimas Flat Glass Tbk.,08 Nov 1995,434.000.000,Utama
28,AMIN,Ateliers Mecaniques D Indonesi,10 Des 2015,1.080.000.000,Pengembangan
29,AMRT,Sumber Alfaria Trijaya Tbk.,15 Jan 2009,41.524.501.700,Utama
30,ANJT,Austindo Nusantara Jaya Tbk.,08 Mei 2013,3.354.175.000,Pengembangan
31,ANTM,Aneka Tambang Tbk.,27 Nov 1997,24.030.764.725,Utama
32,APEX,Apexindo Pratama Duta Tbk.,05 Jun 2013,3.546.466.661,Pengembangan
33,APIC,Pacific Strategic Financial Tb,18 Des 2002,11.766.313.488,Pengembangan
34,APII,Arita Prima Indonesia Tbk.,29 Okt 2013,1.075.760.000,Pengembangan
35,APLI,Asiaplast Industries Tbk.,01 Mei 2000,1.362.671.400,Pengembangan
36,APLN,Agung Podomoro Land Tbk.,11 Nov 2010,22.699.326.779,Utama
37,ARGO,Argo Pantes Tbk,07 Jan 1991,3.174.339.029,Pengembangan
38,ARII,Atlas Resources Tbk.,08 Nov 2011,3.431.000.000,Pengembangan
39,ARNA,Arwana Citramulia Tbk.,17 Jul 2001,7.341.430.976,Utama
40,ARTA,Arthavest Tbk,05 Nov 2002,446.674.175,Pemantauan Khusus
41,ARTI,Ratu Prabu Energi Tbk,30 Apr 2003,7.840.000.000,Pemantauan Khusus
42,ARTO,Bank Jago Tbk.,12 Jan 2016,13.718.448.700,Utama
43,ASBI,Asuransi Bintang Tbk.,29 Nov 1989,348.386.472,Pemantauan Khusus
44,ASDM,Asuransi Dayin Mitra Tbk.,15 Des 1989,384.000.000,Pengembangan
45,ASGR,Astra Graphia Tbk.,15 Nov 1989,1.348.780.500,Utama
46,ASII,Astra International Tbk.,04 Apr 1990,40.483.553.140,Utama
47,ASJT,Asuransi Jasa Tania Tbk.,23 Des 2003,1.400.000.000,Pengembangan
48,ASMI,Asuransi Maximus Graha Persada,16 Jan 2014,8.958.380.460,Pemantauan Khusus
49,ASRI,Alam Sutera Realty Tbk.,18 Des 2007,19.649.411.888,Utama
50,ASRM,Asuransi Ramayana Tbk.,19 Mar 1990,1.217.135.360,Pengembangan
51,ASSA,Adi Sarana Armada Tbk.,12 Nov 2012,3.691.137.517,Utama
52,ATIC,Anabatic Technologies Tbk.,08 Jul 2015,2.315.361.355,Pengembangan
53,AUTO,Astra Otoparts Tbk.,15 Jun 1998,4.819.733.000,Utama
54,BABP,Bank MNC Internasional Tbk.,15 Jul 2002,44.014.333.126,Pengembangan
55,BACA,Bank Capital Indonesia Tbk.,04 Okt 2007,19.753.494.636,Utama
56,BAJA,Saranacentral Bajatama Tbk.,21 Des 2011,1.800.000.000,Pengembangan
57,BALI,Bali Towerindo Sentra Tbk.,13 Mar 2014,3.934.592.500,Utama
58,BAPA,Bekasi Asri Pemula Tbk.,14 Jan 2008,661.784.520,Pengembangan
59,BATA,Sepatu Bata Tbk.,24 Mar 1982,1.300.000.000,Pengembangan
60,BAYU,Bayu Buana Tbk,30 Okt 1989,353.220.780,Pengembangan
61,BBCA,Bank Central Asia Tbk.,31 Mei 2000,122.042.299.500,Utama
62,BBHI,Allo Bank Indonesia Tbk.,12 Agt 2015,21.512.953.877,Utama
63,BBKP,Bank KB Bukopin Tbk.,10 Jul 2006,185.819.884.852,Utama
64,BBLD,Buana Finance Tbk.,07 Mei 1990,1.645.796.054,Pengembangan
65,BBMD,Bank Mestika Dharma Tbk.,08 Jul 2013,4.049.189.100,Pengembangan
66,BBNI,Bank Negara Indonesia (Persero,25 Nov 1996,36.924.339.786,Utama
67,BBRI,Bank Rakyat Indonesia (Persero,10 Nov 2003,150.043.411.587,Utama
68,BBRM,Pelayaran Nasional Bina Buana ,09 Jan 2013,8.479.490.328,Pengembangan
69,BBTN,Bank Tabungan Negara (Persero),17 Des 2009,13.894.099.969,Utama
70,BBYB,Bank Neo Commerce Tbk.,13 Jan 2015,13.216.977.523,Utama
71,BCAP,MNC Kapital Indonesia Tbk.,08 Jun 2001,42.618.850.927,Utama
72,BCIC,Bank JTrust Indonesia Tbk.,25 Jun 1997,17.926.071.041,Pengembangan
73,BCIP,Bumi Citra Permai Tbk.,11 Des 2009,1.429.915.525,Pengembangan
74,BDMN,Bank Danamon Indonesia Tbk.,06 Des 1989,9.675.817.341,Utama
75,BEKS,Bank Pembangunan Daerah Banten,13 Jul 2001,51.351.733.883,Pemantauan Khusus
76,BEST,Bekasi Fajar Industrial Estate,10 Apr 2012,9.647.311.150,Utama
77,BFIN,BFI Finance  Indonesia Tbk.,16 Mei 1990,15.967.115.620,Utama
78,BGTG,Bank Ganesha Tbk.,12 Mei 2016,23.731.287.132,Pengembangan
79,BHIT,MNC Asia Holding Tbk.,24 Nov 1997,86.068.156.705,Pemantauan Khusus
80,BIKA,Binakarya Jaya Abadi Tbk.,14 Jul 2015,592.280.000,Pemantauan Khusus
81,BIMA,Primarindo Asia Infrastructure,30 Agt 1994,608.175.716,Pengembangan
82,BINA,Bank Ina Perdana Tbk.,16 Jan 2014,6.073.369.498,Utama
83,BIPI,Astrindo Nusantara Infrastrukt,11 Feb 2010,63.710.196.917,Pengembangan
84,BIPP,Bhuwanatala Indah Permai Tbk.,23 Okt 1995,5.028.669.376,Pemantauan Khusus
85,BIRD,Blue Bird Tbk.,05 Nov 2014,2.502.100.000,Utama
86,BISI,BISI International Tbk.,28 Mei 2007,3.000.000.000,Utama
87,BJBR,Bank Pembangunan Daerah Jawa B,08 Jul 2010,10.416.229.249,Utama
88,BJTM,Bank Pembangunan Daerah Jawa T,12 Jul 2012,14.865.343.101,Utama
89,BKDP,Bukit Darmo Property Tbk,15 Jun 2007,7.513.992.252,Pemantauan Khusus
90,BKSL,Sentul City Tbk.,28 Jul 1997,167.708.902.705,Pemantauan Khusus
91,BKSW,Bank QNB Indonesia Tbk.,21 Nov 2002,34.953.681.505,Pengembangan
92,BLTA,Berlian Laju Tanker Tbk,26 Mar 1990,25.940.187.103,Pemantauan Khusus
93,BLTZ,Graha Layar Prima Tbk.,10 Apr 2014,873.937.142,Pemantauan Khusus
94,BMAS,Bank Maspion Indonesia Tbk.,11 Jul 2013,17.921.635.680,Pemantauan Khusus
95,BMRI,Bank Mandiri (Persero) Tbk.,14 Jul 2003,92.399.999.996,Utama
96,BMSR,Bintang Mitra Semestaraya Tbk,29 Des 1999,1.159.200.024,Pengembangan
97,BMTR,Global Mediacom Tbk.,17 Jul 1995,16.583.997.586,Utama
98,BNBA,Bank Bumi Arta Tbk.,01 Jun 2006,3.354.120.000,Pengembangan
99,BNBR,Bakrie & Brothers Tbk,28 Agt 1989,160.057.457.509,Pemantauan Khusus
100,BNGA,Bank CIMB Niaga Tbk.,29 Nov 1989,24.890.783.784,Utama
101,BNII,Bank Maybank Indonesia Tbk.,21 Nov 1989,75.357.433.911,Utama
102,BNLI,Bank Permata Tbk.,15 Jan 1990,35.819.545.925,Pengembangan
103,BOLT,Garuda Metalindo Tbk.,07 Jul 2015,2.343.750.000,Pengembangan
104,BPFI,Woori Finance Indonesia Tbk.,01 Jun 2009,2.673.995.362,Pengembangan
105,BPII,Batavia Prosperindo Internasio,08 Jul 2014,10.309.973.240,Pengembangan
106,BRAM,Indo Kordsa Tbk.,05 Sep 1990,450.056.980,Pengembangan
107,BRMS,Bumi Resources Minerals Tbk.,09 Des 2010,141.784.040.338,Utama
108,BRNA,Berlina Tbk.,06 Nov 1989,979.110.000,Pemantauan Khusus
109,BRPT,Barito Pacific Tbk.,01 Okt 1993,93.747.218.044,Utama
110,BSDE,Bumi Serpong Damai Tbk.,06 Jun 2008,21.171.365.812,Utama
111,BSIM,Bank Sinarmas Tbk.,13 Des 2010,19.517.921.842,Utama
112,BSSR,Baramulti Suksessarana Tbk.,08 Nov 2012,2.616.500.000,Pengembangan
113,BSWD,Bank Of India Indonesia Tbk.,01 Mei 2002,3.651.978.177,Pemantauan Khusus
114,BTEK,Bumi Teknokultura Unggul Tbk,14 Mei 2004,46.277.496.376,Pemantauan Khusus
115,BTEL,Bakrie Telecom Tbk.,03 Feb 2006,36.822.665.755,Pemantauan Khusus
116,BTON,Betonjaya Manunggal Tbk.,18 Jul 2001,720.000.000,Pemantauan Khusus
117,BTPN,Bank SMBC Indonesia Tbk.,12 Mar 2008,10.536.203.690,Utama
118,BUDI,Budi Starch & Sweetener Tbk.,08 Mei 1995,4.498.997.362,Utama
119,BUKK,Bukaka Teknik Utama Tbk.,29 Jun 2015,2.640.452.000,Pengembangan
120,BULL,Buana Lintas Lautan Tbk.,23 Mei 2011,14.117.801.449,Pengembangan
121,BUMI,Bumi Resources Tbk.,30 Jul 1990,371.320.723.144,Utama
122,BUVA,Bukit Uluwatu Villa Tbk.,12 Jul 2010,20.590.473.213,Pengembangan
123,BVIC,Bank Victoria International Tb,30 Jun 1999,15.690.049.207,Utama
124,BWPT,Eagle High Plantations Tbk.,27 Okt 2009,31.525.291.000,Utama
125,BYAN,Bayan Resources Tbk.,12 Agt 2008,33.333.335.000,Utama
126,CANI,Capitol Nusantara Indonesia Tb,16 Jan 2014,833.440.000,Pemantauan Khusus
127,CASS,Cardig Aero Services Tbk.,05 Des 2011,2.086.950.000,Utama
128,CEKA,Wilmar Cahaya Indonesia Tbk.,09 Jul 1996,595.000.000,Pengembangan
129,CENT,Centratama Telekomunikasi Indo,01 Nov 2001,31.183.464.900,Pemantauan Khusus
130,CFIN,Clipan Finance Indonesia Tbk.,27 Agt 1990,3.984.520.457,Utama
131,CINT,Chitose Internasional Tbk.,27 Jun 2014,1.000.000.000,Pengembangan
132,CITA,Cita Mineral Investindo Tbk.,20 Mar 2002,3.960.361.250,Pemantauan Khusus
133,CLPI,Colorpak Indonesia Tbk.,30 Nov 2001,306.338.500,Pengembangan
134,CMNP,Citra Marga Nusaphala Persada ,10 Jan 1995,5.437.498.079,Utama
135,CMPP,AirAsia Indonesia Tbk.,08 Des 1994,10.685.124.441,Pemantauan Khusus
136,CNKO,Exploitasi Energi Indonesia Tb,20 Nov 2001,8.956.361.206,Pemantauan Khusus
137,CNTX,Century Textile Industry Tbk.,22 Mei 1979,70.000.000,Pemantauan Khusus
138,COWL,Cowell Development Tbk.,19 Des 2007,4.871.214.021,Pemantauan Khusus
139,CPIN,Charoen Pokphand Indonesia Tbk,18 Mar 1991,16.398.000.000,Utama
140,CPRO,Central Proteina Prima Tbk.,28 Nov 2006,59.572.382.787,Pengembangan
141,CSAP,Catur Sentosa Adiprana Tbk.,12 Des 2007,5.683.175.151,Pengembangan
142,CTBN,Citra Tubindo Tbk.,28 Nov 1989,800.371.500,Pemantauan Khusus
143,CTRA,Ciputra Development Tbk.,28 Mar 1994,18.535.695.255,Utama
144,CTTH,Citatah Tbk.,03 Jul 1996,1.230.839.821,Pemantauan Khusus
145,DART,Duta Anggada Realty Tbk.,08 Mei 1990,3.141.390.962,Pengembangan
146,DEFI,Danasupra Erapacific Tbk.,06 Jul 2001,687.266.666,Pemantauan Khusus
147,DEWA,Darma Henwa Tbk,26 Sep 2007,21.853.733.792,Utama
148,DGIK,Nusa Konstruksi Enjiniring Tbk,19 Des 2007,5.541.165.000,Pengembangan
149,DILD,Intiland Development Tbk.,04 Sep 1991,10.365.854.185,Utama
150,DKFT,Central Omega Resources Tbk.,21 Nov 1997,5.638.246.600,Pengembangan
151,DLTA,Delta Djakarta Tbk.,27 Feb 1984,800.659.050,Utama
152,DMAS,Puradelta Lestari Tbk.,29 Mei 2015,48.198.111.100,Utama
153,DNAR,Bank Oke Indonesia Tbk.,11 Jul 2014,16.867.292.274,Pengembangan
154,DNET,Indoritel Makmur Internasional,11 Des 2000,14.184.000.000,Pengembangan
155,DOID,Delta Dunia Makmur Tbk.,15 Jun 2001,7.651.007.132,Utama
156,DPNS,Duta Pertiwi Nusantara Tbk.,08 Agt 1990,331.129.952,Pengembangan
157,DSFI,Dharma Samudera Fishing Indust,24 Mar 2000,1.857.135.500,Pengembangan
158,DSNG,Dharma Satya Nusantara Tbk.,14 Jun 2013,10.599.842.400,Utama
159,DSSA,Dian Swastatika Sentosa Tbk,10 Des 2009,7.705.523.200,Utama
160,DUTI,Duta Pertiwi Tbk,02 Nov 1994,1.850.000.000,Pemantauan Khusus
161,DVLA,Darya-Varia Laboratoria Tbk.,11 Nov 1994,1.120.000.000,Pengembangan
162,DYAN,Dyandra Media International Tb,25 Mar 2013,4.272.964.279,Pengembangan
163,ECII,Electronic City Indonesia Tbk.,03 Jul 2013,1.334.333.000,Pengembangan
164,EKAD,Ekadharma International Tbk.,14 Agt 1990,3.493.875.000,Pengembangan
165,ELSA,Elnusa Tbk.,06 Feb 2008,7.298.500.000,Utama
166,ELTY,Bakrieland Development Tbk.,30 Okt 1995,43.521.913.019,Pemantauan Khusus
167,EMDE,Megapolitan Developments Tbk.,12 Jan 2011,3.350.000.000,Pengembangan
168,EMTK,Elang Mahkota Teknologi Tbk.,12 Jan 2010,61.316.751.483,Utama
169,ENRG,Energi Mega Persada Tbk.,07 Jun 2004,24.821.230.250,Utama
170,EPMT,Enseval Putera Megatrading Tbk,01 Agt 1994,2.708.640.000,Pengembangan
171,ERAA,Erajaya Swasembada Tbk.,14 Des 2011,15.950.000.000,Utama
172,ERTX,Eratex Djaja Tbk.,21 Agt 1990,1.286.539.792,Pengembangan
173,ESSA,ESSA Industries Indonesia Tbk.,01 Feb 2012,17.226.975.700,Utama
174,ESTI,Ever Shine Tex Tbk.,13 Okt 1992,2.015.208.720,Pemantauan Khusus
175,ETWA,Eterindo Wahanatama Tbk,16 Mei 1997,4.668.671.400,Pemantauan Khusus
176,EXCL,XL Axiata Tbk.,29 Sep 2005,13.128.430.665,Utama
177,FAST,Fast Food Indonesia Tbk.,11 Mei 1993,3.990.277.158,Pengembangan
178,FASW,Fajar Surya Wisesa Tbk.,19 Des 1994,2.477.888.787,Pemantauan Khusus
179,FISH,FKS Multi Agro Tbk.,18 Jan 2002,480.000.000,Pemantauan Khusus
180,FMII,Fortune Mate Indonesia Tbk,30 Jun 2000,6.400.000.000,Pengembangan
181,FORU,Fortune Indonesia Tbk,17 Jan 2002,465.224.000,Pengembangan
182,FPNI,Lotte Chemical Titan Tbk.,21 Mar 2002,5.566.414.000,Pengembangan
183,FREN,Smartfren Telecom Tbk.,29 Nov 2006,476.703.803.436,Pemantauan Khusus
184,GAMA,Aksara Global Development Tbk.,11 Jul 2012,10.011.027.656,Pemantauan Khusus
185,GDST,Gunawan Dianjaya Steel Tbk.,23 Des 2009,9.242.500.000,Pengembangan
186,GDYR,Goodyear Indonesia Tbk.,22 Des 1980,410.000.000,Pengembangan
187,GEMA,Gema Grahasarana Tbk.,12 Agt 2002,1.600.000.000,Pengembangan
188,GEMS,Golden Energy Mines Tbk.,17 Nov 2011,5.882.353.000,Utama
189,GGRM,Gudang Garam Tbk.,27 Agt 1990,1.924.088.000,Utama
190,GIAA,Garuda Indonesia (Persero) Tbk,11 Feb 2011,91.480.783.837,Pemantauan Khusus
191,GJTL,Gajah Tunggal Tbk.,08 Mei 1990,3.484.800.000,Utama
192,GLOB,Globe Kita Terang Tbk.,10 Jul 2012,1.111.112.000,Pemantauan Khusus
193,GMTD,Gowa Makassar Tourism Developm,11 Des 2000,1.015.380.000,Pengembangan
194,GOLD,Visi Telekomunikasi Infrastruk,07 Jul 2010,1.277.276.000,Pengembangan
195,GOLL,Golden Plantation Tbk.,23 Des 2014,3.665.000.759,Pemantauan Khusus
196,GPRA,Perdana Gapuraprima Tbk.,10 Okt 2007,4.276.655.336,Pengembangan
197,GSMF,Equity Development Investment ,23 Okt 1989,14.230.399.705,Pengembangan
198,GTBO,Garda Tujuh Buana Tbk,09 Jul 2009,2.500.000.000,Pengembangan
199,GWSA,Greenwood Sejahtera Tbk.,23 Des 2011,7.800.760.000,Utama
200,GZCO,Gozco Plantations Tbk.,15 Mei 2008,6.000.000.000,Pengembangan
201,HADE,Himalaya Energi Perkasa Tbk.,12 Apr 2004,2.120.000.000,Pemantauan Khusus
202,HDFA,Radana Bhaskara Finance Tbk.,10 Mei 2011,6.542.445.783,Pengembangan
203,HDTX,Panasia Indo Resources Tbk.,06 Jun 1990,3.601.462.800,Pemantauan Khusus
204,HERO,Hero Supermarket Tbk.,21 Agt 1989,4.183.634.000,Pengembangan
205,HEXA,Hexindo Adiperkasa Tbk.,13 Feb 1995,840.000.000,Utama
206,HITS,Humpuss Intermoda Transportasi,15 Des 1997,7.101.084.801,Utama
207,HMSP,H.M. Sampoerna Tbk.,15 Agt 1990,116.318.076.900,Pengembangan
208,HOME,Hotel Mandarine Regency Tbk.,17 Jul 2008,22.212.194.782,Pemantauan Khusus
209,HOTL,Saraswati Griya Lestari Tbk.,10 Jan 2013,3.550.001.452,Pemantauan Khusus
210,HRUM,Harum Energy Tbk.,06 Okt 2010,13.518.100.000,Utama
211,IATA,MNC Energy Investments Tbk.,13 Sep 2006,25.238.245.486,Pemantauan Khusus
212,IBFN,Intan Baru Prana Tbk.,22 Des 2014,1.517.332.349,Pemantauan Khusus
213,IBST,Inti Bangun Sejahtera Tbk.,31 Agt 2012,1.350.904.927,Pemantauan Khusus
214,ICBP,Indofood CBP Sukses Makmur Tbk,07 Okt 2010,11.661.908.000,Utama
215,ICON,Island Concepts Indonesia Tbk.,08 Jul 2005,1.089.750.000,Pemantauan Khusus
216,IGAR,Champion Pacific Indonesia Tbk,05 Nov 1990,972.204.500,Pengembangan
217,IIKP,Inti Agri Resources Tbk,14 Okt 2002,33.600.000.000,Pemantauan Khusus
218,IKAI,Intikeramik Alamasri Industri ,04 Jun 1997,13.305.799.387,Pemantauan Khusus
219,IKBI,Sumi Indo Kabel Tbk.,21 Jan 1991,1.224.000.000,Pengembangan
220,IMAS,Indomobil Sukses Internasional,15 Nov 1993,3.994.291.039,Utama
221,IMJS,Indomobil Multi Jasa Tbk.,10 Des 2013,8.654.325.000,Pengembangan
222,IMPC,Impack Pratama Industri Tbk.,17 Des 2014,54.268.500.000,Utama
223,INAF,Indofarma Tbk.,17 Apr 2001,3.099.267.500,Pemantauan Khusus
224,INAI,Indal Aluminium Industry Tbk.,05 Des 1994,633.600.000,Pengembangan
225,INCI,Intanwijaya Internasional Tbk,24 Jul 1990,207.656.617,Pengembangan
226,INCO,Vale Indonesia Tbk.,16 Mei 1990,10.539.784.534,Utama
227,INDF,Indofood Sukses Makmur Tbk.,14 Jul 1994,8.780.426.500,Utama
228,INDR,Indo-Rama Synthetics Tbk.,03 Agt 1990,654.351.707,Pengembangan
229,INDS,Indospring Tbk.,10 Agt 1990,6.562.497.100,Pengembangan
230,INDX,Tanah Laut Tbk,17 Mei 2001,437.913.588,Pengembangan
231,INDY,Indika Energy Tbk.,11 Jun 2008,5.210.192.000,Utama
232,INKP,Indah Kiat Pulp & Paper Tbk.,16 Jul 1990,5.470.982.941,Utama
233,INPC,Bank Artha Graha Internasional,23 Agt 1990,20.021.178.779,Utama
234,INPP,Indonesian Paradise Property T,12 Jan 2004,11.181.971.732,Pengembangan
235,INRU,Toba Pulp Lestari Tbk.,18 Jun 1990,1.388.883.283,Pengembangan
236,INTA,Intraco Penta Tbk.,23 Agt 1993,3.343.935.022,Pemantauan Khusus
237,INTD,Inter Delta Tbk,18 Des 1989,591.828.000,Pengembangan
238,INTP,Indocement Tunggal Prakarsa Tb,05 Des 1989,3.681.231.699,Utama
239,IPOL,Indopoly Swakarsa Industry Tbk,09 Jul 2010,6.443.379.509,Pengembangan
240,ISAT,Indosat Tbk.,19 Okt 1994,32.250.810.957,Utama
241,ISSP,Steel Pipe Industry of Indones,22 Feb 2013,7.185.992.035,Utama
242,ITMA,Sumber Energi Andalan Tbk.,10 Des 1990,999.053.167,Pengembangan
243,ITMG,Indo Tambangraya Megah Tbk.,18 Des 2007,1.129.925.000,Utama
244,JAWA,Jaya Agra Wattie Tbk.,30 Mei 2011,16.232.951.842,Pengembangan
245,JECC,Jembo Cable Company Tbk.,18 Nov 1992,756.000.000,Pengembangan
246,JIHD,Jakarta International Hotels &,29 Feb 1984,2.329.040.482,Pengembangan
247,JKON,Jaya Konstruksi Manggala Prata,04 Des 2007,16.308.519.860,Utama
248,JKSW,Jakarta Kyoei Steel Works Tbk.,06 Agt 1997,150.000.000,Pemantauan Khusus
249,JPFA,Japfa Comfeed Indonesia Tbk.,23 Okt 1989,11.726.575.201,Utama
250,JRPT,Jaya Real Property Tbk.,29 Jun 1994,13.750.000.000,Pengembangan
251,JSMR,Jasa Marga (Persero) Tbk.,12 Nov 2007,7.257.871.200,Utama
252,JSPT,Jakarta Setiabudi Internasiona,12 Jan 1998,2.318.736.000,Pengembangan
253,JTPE,Jasuindo Tiga Perkasa Tbk.,16 Apr 2002,6.852.050.000,Utama
254,KAEF,Kimia Farma Tbk.,04 Jul 2001,5.566.584.590,Pengembangan
255,KARW,Meratus Jasa Prima Tbk.,20 Des 1994,587.152.700,Pemantauan Khusus
256,KBLI,KMI Wire & Cable Tbk.,06 Jul 1992,4.007.235.107,Utama
257,KBLM,Kabelindo Murni Tbk.,01 Jun 1992,1.120.000.000,Pengembangan
258,KBLV,First Media Tbk.,25 Feb 2000,1.742.167.907,Pemantauan Khusus
259,KBRI,Kertas Basuki Rachmat Indonesi,11 Jul 2008,8.687.995.734,Pemantauan Khusus
260,KDSI,Kedawung Setia Industrial Tbk.,29 Jul 1996,405.000.000,Pemantauan Khusus
261,KIAS,Keramika Indonesia Assosiasi T,08 Des 1994,14.929.100.000,Pemantauan Khusus
262,KICI,Kedaung Indah Can Tbk,28 Okt 1993,276.000.000,Pengembangan
263,KIJA,Kawasan Industri Jababeka Tbk.,10 Jan 1995,20.824.888.369,Utama
264,KKGI,Resource Alam Indonesia Tbk.,01 Jul 1991,5.000.000.000,Utama
265,KLBF,Kalbe Farma Tbk.,30 Jul 1991,46.875.122.110,Utama
266,KOBX,Kobexindo Tractors Tbk.,05 Jul 2012,2.272.500.000,Pengembangan
267,KOIN,Kokoh Inti Arebama Tbk,09 Apr 2008,980.843.732,Pemantauan Khusus
268,KONI,Perdana Bangun Pusaka Tbk,22 Agt 1995,312.000.000,Pengembangan
269,KOPI,Mitra Energi Persada Tbk.,04 Mei 2015,697.266.668,Pengembangan
270,KPIG,MNC Land Tbk.,30 Mar 2000,97.557.129.263,Pengembangan
271,KRAH,Grand Kartech Tbk.,08 Nov 2013,971.190.000,Pemantauan Khusus
272,KRAS,Krakatau Steel (Persero) Tbk.,10 Nov 2010,19.346.396.900,Pengembangan
273,KREN,Quantum Clovera Investama Tbk.,28 Jun 2002,18.208.470.100,Pemantauan Khusus
274,LAPD,Leyand International Tbk.,17 Jul 2001,3.966.350.139,Pemantauan Khusus
275,LCGP,Eureka Prima Jakarta Tbk.,13 Jul 2007,5.630.000.914,Pemantauan Khusus
276,LEAD,Logindo Samudramakmur Tbk.,11 Des 2013,4.049.616.328,Pengembangan
277,LINK,Link Net Tbk.,02 Jun 2014,2.863.195.484,Pengembangan
278,LION,Lion Metal Works Tbk.,20 Agt 1993,520.160.000,Pemantauan Khusus
279,LMAS,Limas Indonesia Makmur Tbk,28 Des 2001,787.851.525,Pemantauan Khusus
280,LMPI,Langgeng Makmur Industri Tbk.,17 Okt 1994,1.008.517.669,Pengembangan
281,LMSH,Lionmesh Prima Tbk.,04 Jun 1990,96.000.000,Pemantauan Khusus
282,LPCK,Lippo Cikarang Tbk,24 Jul 1997,2.679.600.000,Utama
283,LPGI,Lippo General Insurance Tbk.,22 Jul 1997,3.000.000.000,Pengembangan
284,LPIN,Multi Prima Sejahtera Tbk,05 Feb 1990,425.000.000,Pengembangan
285,LPKR,Lippo Karawaci Tbk.,28 Jun 1996,70.898.018.369,Utama
286,LPLI,Star Pacific Tbk,23 Okt 1989,1.170.432.803,Pengembangan
287,LPPF,Matahari Department Store Tbk.,09 Okt 1989,2.259.292.880,Utama
288,LPPS,Lenox Pasifik Investama Tbk.,28 Mar 1994,2.588.250.000,Pengembangan
289,LRNA,Eka Sari Lorena Transport Tbk.,15 Apr 2014,350.000.022,Pengembangan
290,LSIP,PP London Sumatra Indonesia Tb,05 Jul 1996,6.819.963.965,Utama
291,LTLS,Lautan Luas Tbk.,21 Jul 1997,1.560.000.000,Utama
292,MAGP,Multi Agro Gemilang Plantation,16 Jan 2013,9.000.000.004,Pemantauan Khusus
293,MAIN,Malindo Feedmill Tbk.,10 Feb 2006,2.238.750.000,Utama
294,MAMI,Mas Murni Indonesia Tbk,09 Feb 1994,12.299.317.590,Pemantauan Khusus
295,MAPI,Mitra Adiperkasa Tbk.,10 Nov 2004,16.600.000.000,Utama
296,MASA,Multistrada Arah Sarana Tbk.,09 Jun 2005,9.182.946.945,Pemantauan Khusus
297,MAYA,Bank Mayapada Internasional Tb,29 Agt 1997,25.906.179.152,Utama
298,MBAP,Mitrabara Adiperdana Tbk.,10 Jul 2014,1.227.271.952,Pengembangan
299,MBSS,Mitrabahtera Segara Sejati Tbk,06 Apr 2011,1.750.026.639,Utama
300,MBTO,Martina Berto Tbk.,13 Jan 2011,1.070.000.000,Pengembangan
301,MCOR,Bank China Construction Bank I,03 Jul 2007,37.540.533.209,Utama
302,MDIA,Intermedia Capital Tbk.,11 Apr 2014,39.215.538.400,Pemantauan Khusus
303,MDKA,Merdeka Copper Gold Tbk.,19 Jun 2015,24.472.983.771,Utama
304,MDLN,Modernland Realty Tbk.,18 Jan 1993,12.533.067.322,Utama
305,MDRN,Modern Internasional Tbk.,16 Jul 1991,7.632.167.798,Pemantauan Khusus
306,MEDC,Medco Energi Internasional Tbk,12 Okt 1994,25.136.231.252,Utama
307,MEGA,Bank Mega Tbk.,17 Apr 2000,11.623.514.905,Utama
308,MERK,Merck Tbk.,23 Jul 1981,448.000.000,Pengembangan
309,META,Nusantara Infrastructure Tbk.,18 Jul 2001,17.710.708.194,Pemantauan Khusus
310,MFIN,Mandala Multifinance Tbk.,06 Sep 2005,2.650.000.000,Utama
311,MFMI,Multifiling Mitra Indonesia Tb,29 Des 2010,757.581.000,Pemantauan Khusus
312,MGNA,Magna Investama Mandiri Tbk.,08 Jul 2014,3.410.475.464,Pemantauan Khusus
313,MICE,Multi Indocitra Tbk.,21 Des 2005,600.000.000,Pengembangan
314,MIDI,Midi Utama Indonesia Tbk.,30 Nov 2010,33.435.294.800,Utama
315,MIKA,Mitra Keluarga Karyasehat Tbk.,24 Mar 2015,13.907.481.500,Utama
316,MIRA,Mitra International Resources ,30 Jan 1997,3.961.452.039,Pemantauan Khusus
317,MITI,Mitra Investindo Tbk.,16 Jul 1997,3.540.735.503,Pengembangan
318,MKPI,Metropolitan Kentjana Tbk.,10 Jul 2009,948.194.000,Pengembangan
319,MLBI,Multi Bintang Indonesia Tbk.,15 Des 1981,2.107.000.000,Utama
320,MLIA,Mulia Industrindo Tbk,17 Jan 1994,6.615.000.000,Utama
321,MLPL,Multipolar Tbk.,06 Nov 1989,15.682.323.987,Utama
322,MLPT,Multipolar Technology Tbk.,08 Jul 2013,1.875.000.000,Pemantauan Khusus
323,MMLP,Mega Manunggal Property Tbk.,12 Jun 2015,6.889.134.608,Utama
324,MNCN,Media Nusantara Citra Tbk.,22 Jun 2007,15.049.787.710,Utama
325,MPMX,Mitra Pinasthika Mustika Tbk.,29 Mei 2013,4.462.963.276,Utama
326,MPPA,Matahari Putra Prima Tbk.,21 Des 1992,12.966.640.084,Utama
327,MRAT,Mustika Ratu Tbk.,27 Jul 1995,428.000.000,Pengembangan
328,MREI,Maskapai Reasuransi Indonesia ,04 Sep 1989,517.791.681,Pengembangan
329,MSKY,MNC Sky Vision Tbk.,09 Jul 2012,1.994.370.480,Pengembangan
330,MTDL,Metrodata Electronics Tbk.,09 Apr 1990,12.276.884.585,Utama
331,MTFN,Capitalinc Investment Tbk.,16 Apr 1990,31.842.082.852,Pemantauan Khusus
332,MTLA,Metropolitan Land Tbk.,20 Jun 2011,7.655.126.330,Utama
333,MTSM,Metro Realty Tbk.,08 Jan 1992,232.848.000,Pemantauan Khusus
334,MYOH,Samindo Resources Tbk.,27 Jul 2000,2.206.312.500,Utama
335,MYOR,Mayora Indah Tbk.,04 Jul 1990,22.358.699.725,Utama
336,MYRX,Hanson International Tbk.,31 Okt 1990,86.703.220.792,Pemantauan Khusus
337,MYTX,Asia Pacific Investama Tbk.,10 Okt 1989,7.747.281.949,Pemantauan Khusus
338,NELY,Pelayaran Nelly Dwi Putri Tbk.,11 Okt 2012,2.350.000.000,Pengembangan
339,NIKL,Pelat Timah Nusantara Tbk.,14 Des 2009,2.523.350.000,Pengembangan
340,NIPS,Nipress Tbk.,24 Jul 1991,1.635.333.332,Pemantauan Khusus
341,NIRO,City Retail Developments Tbk.,13 Sep 2012,22.198.871.804,Pengembangan
342,NISP,Bank OCBC NISP Tbk.,20 Okt 1994,22.715.776.032,Utama
343,NOBU,Bank Nationalnobu Tbk.,20 Mei 2013,7.403.659.460,Pengembangan
344,NRCA,Nusa Raya Cipta Tbk.,27 Jun 2013,2.496.258.344,Pengembangan
345,OCAP,Onix Capital Tbk.,10 Okt 2003,273.200.000,Pemantauan Khusus
346,OKAS,Ancora Indonesia Resources Tbk,29 Mar 2006,2.373.449.165,Pengembangan
347,OMRE,Indonesia Prima Property Tbk,22 Agt 1994,2.945.211.000,Pemantauan Khusus
348,PADI,Minna Padi Investama Sekuritas,09 Jan 2012,11.307.246.524,Pemantauan Khusus
349,PALM,Provident Investasi Bersama Tb,08 Okt 2012,15.773.797.158,Pengembangan
350,PANR,Panorama Sentrawisata Tbk.,18 Sep 2001,1.387.500.000,Utama
351,PANS,Panin Sekuritas Tbk.,31 Mei 2000,720.000.000,Utama
352,PBRX,Pan Brothers Tbk.,16 Agt 1990,21.482.028.246,Pemantauan Khusus
353,PDES,Destinasi Tirta Nusantara Tbk,08 Jul 2008,715.000.000,Pengembangan
354,PEGE,Panca Global Kapital Tbk.,24 Jun 2005,2.833.417.056,Pengembangan
355,PGAS,Perusahaan Gas Negara Tbk.,15 Des 2003,24.241.508.196,Utama
356,PGLI,Pembangunan Graha Lestari Inda,05 Apr 2000,488.000.000,Pengembangan
357,PICO,Pelangi Indah Canindo Tbk,23 Sep 1996,568.375.000,Pengembangan
358,PJAA,Pembangunan Jaya Ancol Tbk.,02 Jul 2004,1.599.999.996,Pengembangan
359,PKPK,Perdana Karya Perkasa Tbk,11 Jul 2007,1.200.000.000,Pengembangan
360,PLAS,Polaris Investama Tbk,16 Mar 2001,1.184.200.000,Pemantauan Khusus
361,PLIN,Plaza Indonesia Realty Tbk.,15 Jun 1992,3.550.000.000,Pemantauan Khusus
362,PNBN,Bank Pan Indonesia Tbk,29 Des 1982,23.837.645.998,Utama
363,PNBS,Bank Panin Dubai Syariah Tbk.,15 Jan 2014,38.425.504.906,Pengembangan
364,PNIN,Paninvest Tbk.,20 Sep 1983,4.068.323.920,Utama
365,PNLF,Panin Financial Tbk.,14 Jun 1983,32.022.073.293,Utama
366,PNSE,Pudjiadi & Sons Tbk.,01 Mei 1990,797.813.496,Pemantauan Khusus
367,POLY,Asia Pacific Fibers Tbk,12 Mar 1991,2.495.753.334,Pemantauan Khusus
368,POOL,Pool Advista Indonesia Tbk.,20 Mei 1991,2.341.366.264,Pemantauan Khusus
369,PPRO,PP Properti Tbk.,19 Mei 2015,61.675.671.883,Pemantauan Khusus
370,PRAS,Prima Alloy Steel Universal Tb,12 Jul 1990,701.043.478,Pemantauan Khusus
371,PSAB,J Resources Asia Pasifik Tbk.,22 Apr 2003,26.460.000.000,Pengembangan
372,PSDN,Prasidha Aneka Niaga Tbk,18 Okt 1994,1.440.000.000,Pengembangan
373,PSKT,Red Planet Indonesia Tbk.,19 Sep 1995,10.351.231.636,Pemantauan Khusus
374,PTBA,Bukit Asam Tbk.,23 Des 2002,11.520.659.250,Utama
375,PTIS,Indo Straits Tbk.,12 Jul 2011,550.165.300,Pengembangan
376,PTPP,PP (Persero) Tbk.,09 Feb 2010,6.199.897.354,Utama
377,PTRO,Petrosea Tbk.,21 Mei 1990,1.008.605.000,Utama
378,PTSN,Sat Nusapersada Tbk,08 Nov 2007,5.314.344.000,Pengembangan
379,PTSP,Pioneerindo Gourmet Internatio,30 Mei 1994,220.808.000,Pengembangan
380,PUDP,Pudjiadi Prestige Tbk.,18 Nov 1994,659.120.000,Utama
381,PWON,Pakuwon Jati Tbk.,09 Okt 1989,48.159.602.400,Utama
382,PYFA,Pyridam Farma Tbk,16 Okt 2001,11.236.680.168,Pengembangan
383,RAJA,Rukun Raharja Tbk.,19 Apr 2006,4.227.082.500,Utama
384,RALS,Ramayana Lestari Sentosa Tbk.,24 Jul 1996,7.096.000.000,Utama
385,RANC,Supra Boga Lestari Tbk.,07 Jun 2012,1.564.487.500,Pengembangan
386,RBMS,Ristia Bintang Mahkotasejati T,19 Des 1997,2.656.212.826,Pemantauan Khusus
387,RDTX,Roda Vivatex Tbk,14 Mei 1990,268.800.000,Pemantauan Khusus
388,RELI,Reliance Sekuritas Indonesia T,13 Jul 2005,1.800.000.000,Pengembangan
389,RICY,Ricky Putra Globalindo Tbk,22 Jan 1998,641.717.510,Pengembangan
390,RIGS,Rig Tenders Indonesia Tbk.,05 Mar 1990,609.130.000,Pengembangan
391,RIMO,Rimo International Lestari Tbk,10 Nov 2000,45.080.600.000,Pemantauan Khusus
392,RODA,Pikko Land Development Tbk.,22 Okt 2001,13.592.128.209,Pemantauan Khusus
393,ROTI,Nippon Indosari Corpindo Tbk.,28 Jun 2010,6.186.488.888,Pengembangan
394,RUIS,Radiant Utama Interinsco Tbk.,12 Jul 2006,770.000.000,Pengembangan
395,SAFE,Steady Safe Tbk,15 Agt 1994,615.145.012,Pengembangan
396,SAME,Sarana Meditama Metropolitan T,11 Jan 2013,17.147.132.545,Utama
397,SCCO,Supreme Cable Manufacturing & ,20 Jul 1982,822.333.600,Pengembangan
398,SCMA,Surya Citra Media Tbk.,16 Jul 2002,73.970.569.505,Utama
399,SCPI,Organon Pharma Indonesia Tbk.,08 Jun 1990,3.600.000,Pengembangan
400,SDMU,Sidomulyo Selaras Tbk.,12 Jul 2011,1.135.225.000,Pemantauan Khusus
401,SDPC,Millennium Pharmacon Internati,07 Mei 1990,1.274.000.000,Pengembangan
402,SDRA,Bank Woori Saudara Indonesia 1,15 Des 2006,14.545.267.990,Utama
403,SGRO,Sampoerna Agro Tbk.,18 Jun 2007,1.818.622.000,Utama
404,SHID,Hotel Sahid Jaya International,08 Mei 1990,1.119.326.168,Pengembangan
405,SIDO,Industri Jamu dan Farmasi Sido,18 Des 2013,30.000.000.000,Utama
406,SILO,Siloam International Hospitals,12 Sep 2013,13.006.125.000,Utama
407,SIMA,Siwani Makmur Tbk,03 Jun 1994,442.589.871,Pemantauan Khusus
408,SIMP,Salim Ivomas Pratama Tbk.,09 Jun 2011,15.501.310.000,Utama
409,SIPD,Sreeya Sewu Indonesia Tbk.,27 Des 1996,1.839.102.056,Pengembangan
410,SKBM,Sekar Bumi Tbk.,28 Sep 2012,1.730.103.217,Pengembangan
411,SKLT,Sekar Laut Tbk.,08 Sep 1993,6.907.405.000,Pengembangan
412,SKYB,Northcliff Citranusa Indonesia,07 Jul 2010,585.000.000,Pemantauan Khusus
413,SMAR,Smart Tbk.,20 Nov 1992,2.872.193.366,Pengembangan
414,SMBR,Semen Baturaja Tbk.,28 Jun 2013,9.932.534.336,Utama
415,SMCB,Solusi Bangun Indonesia Tbk.,10 Agt 1977,9.019.381.973,Pemantauan Khusus
416,SMDM,Suryamas Dutamakmur Tbk.,12 Okt 1995,4.772.138.237,Pengembangan
417,SMDR,Samudera Indonesia  Tbk.,05 Jul 1999,16.375.600.000,Utama
418,SMGR,Semen Indonesia (Persero) Tbk.,08 Jul 1991,6.751.540.089,Utama
419,SMMA,Sinarmas Multiartha Tbk.,05 Jul 1995,6.367.664.717,Utama
420,SMMT,Golden Eagle Energy Tbk.,01 Des 1997,3.150.000.000,Pemantauan Khusus
421,SMRA,Summarecon Agung Tbk.,07 Mei 1990,16.508.568.358,Utama
422,SMRU,SMR Utama Tbk.,10 Okt 2011,12.499.385.782,Pemantauan Khusus
423,SMSM,Selamat Sempurna Tbk.,09 Sep 1996,5.758.675.440,Utama
424,SOCI,Soechi Lines Tbk.,03 Des 2014,7.059.000.000,Utama
425,SONA,Sona Topas Tourism Industry Tb,21 Jul 1992,662.400.000,Pengembangan
426,SPMA,Suparma Tbk.,16 Nov 1994,3.154.092.216,Pengembangan
427,SQMI,Wilton Makmur Indonesia Tbk.,15 Jul 2004,15.537.591.429,Pemantauan Khusus
428,SRAJ,Sejahteraraya Anugrahjaya Tbk.,11 Apr 2011,12.000.705.445,Utama
429,SRIL,Sri Rejeki Isman Tbk.,17 Jun 2013,20.452.176.844,Pemantauan Khusus
430,SRSN,Indo Acidatama Tbk,11 Jan 1993,6.020.000.000,Pengembangan
431,SRTG,Saratoga Investama Sedaya Tbk.,26 Jun 2013,13.564.835.000,Utama
432,SSIA,Surya Semesta Internusa Tbk.,27 Mar 1997,4.705.249.440,Utama
433,SSMS,Sawit Sumbermas Sarana Tbk.,12 Des 2013,9.525.000.000,Utama
434,SSTM,Sunson Textile Manufacture Tbk,20 Agt 1997,1.170.909.181,Pemantauan Khusus
435,STAR,Buana Artha Anugerah Tbk.,13 Jul 2011,4.800.000.602,Pengembangan
436,STTP,Siantar Top Tbk.,16 Des 1996,1.310.000.000,Pengembangan
437,SUGI,Sugih Energy Tbk.,19 Jun 2002,24.811.541.414,Pemantauan Khusus
438,SULI,SLJ Global Tbk.,21 Mar 1994,5.920.776.836,Pengembangan
439,SUPR,Solusi Tunas Pratama Tbk.,11 Okt 2011,1.137.579.698,Pemantauan Khusus
440,TALF,Tunas Alfin Tbk.,17 Jan 2014,1.353.435.000,Pengembangan
441,TARA,Agung Semesta Sejahtera Tbk.,11 Jul 2014,10.069.645.750,Pemantauan Khusus
442,TAXI,Express Transindo Utama Tbk.,02 Nov 2012,10.223.647.156,Pemantauan Khusus
443,TBIG,Tower Bersama Infrastructure T,26 Okt 2010,22.656.999.445,Utama
444,TBLA,Tunas Baru Lampung Tbk.,14 Feb 2000,6.025.373.372,Utama
445,TBMS,Tembaga Mulia Semanan Tbk.,23 Mei 1990,734.680.000,Pengembangan
446,TCID,Mandom Indonesia Tbk.,30 Sep 1993,402.133.334,Pengembangan
447,TELE,Omni Inovasi Indonesia Tbk.,12 Jan 2012,7.310.929.389,Pemantauan Khusus
448,TFCO,Tifico Fiber Indonesia Tbk.,26 Feb 1980,4.823.076.400,Pemantauan Khusus
449,TGKA,Tigaraksa Satria Tbk.,11 Jun 1990,918.492.750,Pengembangan
450,TIFA,KDB Tifa Finance Tbk.,08 Jul 2011,3.552.213.000,Pemantauan Khusus
451,TINS,Timah Tbk.,19 Okt 1995,7.447.753.454,Utama
452,TIRA,Tira Austenite Tbk,27 Jul 1993,588.000.000,Pengembangan
453,TIRT,Tirta Mahakam Resources Tbk,13 Des 1999,1.011.774.750,Pemantauan Khusus
454,TKIM,Pabrik Kertas Tjiwi Kimia Tbk.,03 Apr 1990,3.113.223.570,Utama
455,TLKM,Telkom Indonesia (Persero) Tbk,14 Nov 1995,99.062.216.600,Utama
456,TMAS,Temas Tbk.,09 Jul 2003,57.051.500.000,Utama
457,TMPO,Tempo Intimedia Tbk.,08 Jan 2001,1.058.333.250,Pengembangan
458,TOBA,TBS Energi Utama Tbk.,06 Jul 2012,8.167.826.970,Utama
459,TOTL,Total Bangun Persada Tbk.,25 Jul 2006,3.410.000.000,Utama
460,TOTO,Surya Toto Indonesia Tbk.,30 Okt 1990,10.320.000.000,Pengembangan
461,TOWR,Sarana Menara Nusantara Tbk.,08 Mar 2010,51.014.625.000,Utama
462,TPIA,Chandra Asri Pacific Tbk.,26 Mei 2008,86.511.545.092,Pengembangan
463,TPMA,Trans Power Marine Tbk.,20 Feb 2013,3.507.420.034,Utama
464,TRAM,Trada Alam Minera Tbk.,10 Sep 2008,49.643.627.934,Pemantauan Khusus
465,TRIL,Triwira Insanlestari Tbk.,28 Jan 2008,1.200.000.000,Pemantauan Khusus
466,TRIM,Trimegah Sekuritas Indonesia T,31 Jan 2000,7.109.300.000,Utama
467,TRIO,Trikomsel Oke Tbk.,14 Apr 2009,26.007.494.645,Pemantauan Khusus
468,TRIS,Trisula International Tbk.,28 Jun 2012,3.141.443.831,Pengembangan
469,TRST,Trias Sentosa Tbk.,02 Jul 1990,2.808.000.000,Pengembangan
470,TRUS,Trust Finance Indonesia Tbk,28 Nov 2002,800.000.000,Pengembangan
471,TSPC,Tempo Scan Pacific Tbk.,17 Jun 1994,4.509.864.300,Utama
472,ULTJ,Ultrajaya Milk Industry & Trad,02 Jul 1990,11.553.528.000,Utama
473,UNIC,Unggul Indah Cahaya Tbk.,06 Nov 1989,383.331.363,Utama
474,UNIT,Nusantara Inti Corpora Tbk,18 Apr 2002,75.422.200,Pemantauan Khusus
475,UNSP,Bakrie Sumatera Plantations Tb,06 Mar 1990,2.500.162.344,Pemantauan Khusus
476,UNTR,United Tractors Tbk.,19 Sep 1989,3.730.135.136,Utama
477,UNVR,Unilever Indonesia Tbk.,11 Jan 1982,38.150.000.000,Utama
478,VICO,Victoria Investama Tbk.,08 Jul 2013,15.217.075.658,Pengembangan
479,VINS,Victoria Insurance Tbk.,28 Sep 2015,1.460.573.616,Pengembangan
480,VIVA,Visi Media Asia Tbk.,21 Nov 2011,16.464.270.400,Pemantauan Khusus
481,VOKS,Voksel Electric Tbk.,20 Des 1990,4.155.602.595,Pengembangan
482,VRNA,Mizuho Leasing Indonesia Tbk.,25 Jun 2008,5.687.353.997,Pengembangan
483,WAPO,Wahana Pronatural Tbk.,22 Jun 2001,1.240.923.111,Pengembangan
484,WEHA,WEHA Transportasi Indonesia Tb,31 Mei 2007,1.460.554.819,Pengembangan
485,WICO,Wicaksana Overseas Internation,08 Agt 1994,2.393.710.348,Pemantauan Khusus
486,WIIM,Wismilak Inti Makmur Tbk.,18 Des 2012,2.099.873.760,Utama
487,WIKA,Wijaya Karya (Persero) Tbk.,29 Okt 2007,39.873.063.858,Pengembangan
488,WINS,Wintermar Offshore Marine Tbk.,29 Nov 2010,4.364.837.057,Utama
489,WOMF,Wahana Ottomitra Multiartha Tb,13 Des 2004,3.481.481.480,Pengembangan
490,WSKT,Waskita Karya (Persero) Tbk.,19 Des 2012,28.806.807.016,Pemantauan Khusus
491,WTON,Wijaya Karya Beton Tbk.,08 Apr 2014,8.715.466.600,Utama
492,YPAS,Yanaprima Hastapersada Tbk,05 Mar 2008,668.000.089,Pemantauan Khusus
493,YULE,Yulie Sekuritas Indonesia Tbk.,10 Des 2004,1.785.000.000,Pengembangan
494,ZBRA,Dosni Roha Indonesia Tbk.,01 Agt 1991,2.510.706.263,Pengembangan
495,SHIP,Sillo Maritime Perdana Tbk.,16 Jun 2016,2.719.790.000,Utama
496,CASA,Capital Financial Indonesia Tb,19 Jul 2016,54.476.269.803,Pengembangan
497,DAYA,Duta Intidaya Tbk.,28 Jun 2016,2.420.547.025,Pengembangan
498,DPUM,Dua Putra Utama Makmur Tbk.,08 Des 2015,4.175.000.000,Pemantauan Khusus
499,IDPR,Indonesia Pondasi Raya Tbk.,10 Des 2015,2.003.000.000,Pengembangan
500,JGLE,Graha Andrasentra Propertindo ,29 Jun 2016,22.581.909.405,Pemantauan Khusus
501,KINO,Kino Indonesia Tbk.,11 Des 2015,1.428.571.500,Pengembangan
502,MARI,Mahaka Radio Integra Tbk.,11 Feb 2016,5.252.644.000,Pengembangan
503,MKNT,Mitra Komunikasi Nusantara Tbk,26 Okt 2015,5.500.000.000,Pemantauan Khusus
504,MTRA,Mitra Pemuda Tbk.,10 Feb 2016,770.000.000,Pemantauan Khusus
505,PRDA,Prodia Widyahusada Tbk.,07 Des 2016,937.500.000,Utama
506,BOGA,Bintang Oto Global Tbk.,19 Des 2016,3.803.526.210,Pengembangan
507,BRIS,Bank Syariah Indonesia Tbk.,09 Mei 2018,45.667.877.639,Utama
508,PORT,Nusantara Pelabuhan Handal Tbk,16 Mar 2017,2.813.941.985,Pengembangan
509,CARS,Industri dan Perdagangan Bintr,10 Apr 2017,15.000.000.000,Utama
510,MINA,Sanurhasta Mitra Tbk.,28 Apr 2017,6.562.500.000,Pemantauan Khusus
511,FORZ,Forza Land Indonesia Tbk.,28 Apr 2017,1.984.009.887,Pemantauan Khusus
512,CLEO,Sariguna Primatirta Tbk.,05 Mei 2017,12.000.000.000,Utama
513,TAMU,Pelayaran Tamarin Samudra Tbk.,10 Mei 2017,37.500.000.000,Pemantauan Khusus
514,CSIS,Cahayasakti Investindo Sukses ,10 Mei 2017,1.307.000.000,Pemantauan Khusus
515,TGRA,Terregra Asia Energy Tbk.,16 Mei 2017,2.750.000.000,Pemantauan Khusus
516,FIRE,Alfa Energi Investama Tbk.,09 Jun 2017,1.475.363.179,Pengembangan
517,TOPS,Totalindo Eka Persada Tbk.,16 Jun 2017,33.330.000.000,Pemantauan Khusus
518,KMTR,Kirana Megatara Tbk.,19 Jun 2017,8.215.366.379,Pengembangan
519,ARMY,Armidian Karyatama Tbk.,21 Jun 2017,9.006.250.000,Pemantauan Khusus
520,MAPB,MAP Boga Adiperkasa Tbk.,21 Jun 2017,2.387.922.900,Pemantauan Khusus
521,WOOD,Integra Indocabinet Tbk.,21 Jun 2017,6.437.500.000,Utama
522,HRTA,Hartadinata Abadi Tbk.,21 Jun 2017,4.605.262.400,Utama
523,MABA,Marga Abhinaya Abadi Tbk.,22 Jun 2017,15.365.229.912,Pemantauan Khusus
524,HOKI,Buyung Poetra Sembada Tbk.,22 Jun 2017,9.677.752.680,Utama
525,MPOW,Megapower Makmur Tbk.,05 Jul 2017,816.997.053,Pengembangan
526,MARK,Mark Dynamics Indonesia Tbk.,12 Jul 2017,3.800.000.310,Utama
527,NASA,Andalan Perkasa Abadi Tbk.,07 Agt 2017,11.004.929.322,Pemantauan Khusus
528,MDKI,Emdeki Utama Tbk.,25 Sep 2017,2.530.150.002,Pengembangan
529,BELL,Trisula Textile Industries Tbk,03 Okt 2017,7.250.000.000,Pengembangan
530,KIOS,Kioson Komersial Indonesia Tbk,05 Okt 2017,1.075.862.960,Pengembangan
531,GMFI,Garuda Maintenance Facility Ae,10 Okt 2017,28.233.511.500,Pemantauan Khusus
532,MTWI,Malacca Trust Wuwungan Insuran,12 Okt 2017,2.924.486.639,Pengembangan
533,ZINC,Kapuas Prima Coal Tbk.,16 Okt 2017,25.250.000.000,Pemantauan Khusus
534,MCAS,M Cash Integrasi Tbk.,01 Nov 2017,867.933.300,Utama
535,PPRE,PP Presisi Tbk.,24 Nov 2017,10.224.271.000,Pengembangan
536,WEGE,Wijaya Karya Bangunan Gedung T,30 Nov 2017,9.572.000.000,Utama
537,PSSI,IMC Pelita Logistik Tbk.,05 Des 2017,5.417.063.153,Utama
538,MORA,Mora Telematika Indonesia Tbk.,08 Agt 2022,23.646.668.691,Utama
539,DWGL,Dwi Guna Laksana Tbk.,13 Des 2017,9.252.820.991,Pengembangan
540,PBID,Panca Budi Idaman Tbk.,13 Des 2017,7.500.000.000,Utama
541,JMAS,Asuransi Jiwa Syariah Jasa Mit,18 Des 2017,1.000.000.000,Pengembangan
542,CAMP,Campina Ice Cream Industry Tbk,19 Des 2017,5.885.000.000,Pengembangan
543,IPCM,Jasa Armada Indonesia Tbk.,22 Des 2017,5.284.811.100,Pengembangan
544,PCAR,Prima Cakrawala Abadi Tbk.,29 Des 2017,1.166.666.700,Pengembangan
545,LCKM,LCK Global Kedaton Tbk.,16 Jan 2018,1.000.000.000,Pengembangan
546,BOSS,Borneo Olah Sarana Sukses Tbk.,15 Feb 2018,1.400.000.000,Pemantauan Khusus
547,HELI,Jaya Trishindo Tbk.,27 Mar 2018,832.862.387,Pengembangan
548,JSKY,Sky Energy Indonesia Tbk.,28 Mar 2018,2.032.540.000,Pemantauan Khusus
549,INPS,Indah Prakasa Sentosa Tbk.,06 Apr 2018,650.000.000,Pengembangan
550,GHON,Gihon Telekomunikasi Indonesia,09 Apr 2018,550.000.000,Pengembangan
551,TDPM,Tianrong Chemicals Industry Tb,09 Apr 2018,10.485.050.500,Pemantauan Khusus
552,DFAM,Dafam Property Indonesia Tbk.,27 Apr 2018,1.899.852.850,Pengembangan
553,NICK,Charnic Capital Tbk.,02 Mei 2018,651.150.000,Pengembangan
554,BTPS,Bank BTPN Syariah Tbk.,08 Mei 2018,7.626.663.000,Utama
555,SPTO,Surya Pertiwi Tbk.,14 Mei 2018,2.700.000.000,Utama
556,PRIM,Royal Prima Tbk.,15 Mei 2018,3.393.434.905,Pengembangan
557,HEAL,Medikaloka Hermina Tbk.,16 Mei 2018,15.365.950.000,Utama
558,TRUK,Guna Timur Raya Tbk.,23 Mei 2018,435.000.000,Pengembangan
559,PZZA,Sarimelati Kencana Tbk.,23 Mei 2018,3.021.875.000,Pengembangan
560,TUGU,Asuransi Tugu Pratama Indonesi,28 Mei 2018,3.555.575.600,Utama
561,MSIN,MNC Digital Entertainment Tbk.,08 Jun 2018,60.676.178.205,Utama
562,SWAT,Sriwahana Adityakarta Tbk.,08 Jun 2018,3.019.200.000,Pemantauan Khusus
563,KPAL,Steadfast Marine Tbk.,08 Jun 2018,1.069.009.400,Pemantauan Khusus
564,TNCA,Trimuda Nuansa Citra Tbk.,28 Jun 2018,421.640.000,Pengembangan
565,MAPA,Map Aktif Adiperkasa Tbk.,05 Jul 2018,28.504.000.000,Utama
566,TCPI,Transcoal Pacific Tbk.,06 Jul 2018,5.000.000.000,Pengembangan
567,IPCC,Indonesia Kendaraan Terminal T,09 Jul 2018,1.818.384.820,Utama
568,RISE,Jaya Sukses Makmur Sentosa Tbk,09 Jul 2018,10.945.000.000,Pengembangan
569,BPTR,Batavia Prosperindo Trans Tbk.,09 Jul 2018,3.534.000.000,Pengembangan
570,POLL,Pollux Properties Indonesia Tb,11 Jul 2018,8.318.823.600,Pengembangan
571,NFCX,NFC Indonesia Tbk.,12 Jul 2018,666.667.500,Pengembangan
572,MGRO,Mahkota Group Tbk.,12 Jul 2018,3.554.445.700,Pengembangan
573,NUSA,Sinergi Megah Internusa Tbk.,12 Jul 2018,7.700.000.148,Pemantauan Khusus
574,FILM,MD Entertainment Tbk.,07 Agt 2018,9.727.539.660,Utama
575,ANDI,Andira Agro Tbk.,16 Agt 2018,9.350.000.000,Pemantauan Khusus
576,LAND,Trimitra Propertindo Tbk.,23 Agt 2018,2.792.620.000,Pemantauan Khusus
577,MOLI,Madusari Murni Indah Tbk.,30 Agt 2018,2.724.036.581,Pengembangan
578,PANI,Pantai Indah Kapuk Dua Tbk.,18 Sep 2018,16.883.595.500,Pengembangan
579,DIGI,Arkadia Digital Media Tbk.,18 Sep 2018,1.625.000.000,Pemantauan Khusus
580,CITY,Natura City Developments Tbk.,28 Sep 2018,5.405.188.966,Pengembangan
581,SAPX,Satria Antaran Prima Tbk.,03 Okt 2018,833.333.300,Pengembangan
582,KPAS,Cottonindo Ariesta Tbk.,05 Okt 2018,768.043.253,Pemantauan Khusus
583,SURE,Super Energy Tbk.,05 Okt 2018,1.497.576.771,Pengembangan
584,HKMU,HK Metals Utama Tbk.,09 Okt 2018,3.221.750.000,Pemantauan Khusus
585,MPRO,Maha Properti Indonesia Tbk.,09 Okt 2018,9.942.500.000,Pengembangan
586,DUCK,Jaya Bersama Indo Tbk.,10 Okt 2018,1.283.330.000,Pemantauan Khusus
587,GOOD,Garudafood Putra Putri Jaya Tb,10 Okt 2018,36.897.901.455,Utama
588,SKRN,Superkrane Mitra Utama Tbk.,11 Okt 2018,7.500.000.000,Pengembangan
589,YELO,Yelooo Integra Datanet Tbk.,29 Okt 2018,1.912.774.405,Pemantauan Khusus
590,CAKK,Cahayaputra Asa Keramik Tbk.,31 Okt 2018,1.203.300.219,Pengembangan
591,SATU,Kota Satu Properti Tbk.,05 Nov 2018,1.375.000.000,Pengembangan
592,SOSS,Shield On Service Tbk.,06 Nov 2018,799.414.231,Pemantauan Khusus
593,DEAL,Dewata Freightinternational Tb,11 Nov 2018,1.146.170.959,Pemantauan Khusus
594,POLA,Pool Advista Finance Tbk.,16 Nov 2018,3.351.075.600,Pemantauan Khusus
595,DIVA,Distribusi Voucher Nusantara T,27 Nov 2018,1.428.571.400,Pengembangan
596,LUCK,Sentral Mitra Informatika Tbk.,28 Nov 2018,715.749.640,Pengembangan
597,URBN,Urban Jakarta Propertindo Tbk.,10 Des 2018,3.232.122.640,Pengembangan
598,SOTS,Satria Mega Kencana Tbk.,10 Des 2018,1.000.003.979,Pengembangan
599,ZONE,Mega Perintis Tbk.,12 Des 2018,870.171.478,Pengembangan
600,PEHA,Phapros Tbk.,26 Des 2018,840.000.000,Pengembangan
601,FOOD,Sentra Food Indonesia Tbk.,08 Jan 2019,650.000.000,Pengembangan
602,BEEF,Estika Tata Tiara Tbk.,10 Jan 2019,7.186.061.591,Pengembangan
603,POLI,Pollux Hotels Group Tbk.,10 Jan 2019,2.010.526.400,Pemantauan Khusus
604,CLAY,Citra Putra Realty Tbk.,18 Jan 2019,2.570.000.000,Pemantauan Khusus
605,NATO,Surya Permata Andalan Tbk.,18 Jan 2019,8.001.111.504,Pengembangan
606,JAYA,Armada Berjaya Trans Tbk.,21 Feb 2019,798.499.394,Pengembangan
607,COCO,Wahana Interfood Nusantara Tbk,20 Mar 2019,889.863.981,Pengembangan
608,MTPS,Meta Epsi Tbk.,10 Apr 2019,2.084.850.829,Pemantauan Khusus
609,CPRI,Capri Nusa Satu Properti Tbk.,11 Apr 2019,2.433.379.958,Pemantauan Khusus
610,HRME,Menteng Heritage Realty Tbk.,12 Apr 2019,5.958.750.000,Pemantauan Khusus
611,POSA,Bliss Properti Indonesia Tbk.,10 Mei 2019,8.388.870.206,Pemantauan Khusus
612,JAST,Jasnita Telekomindo Tbk.,16 Mei 2019,1.082.575.738,Pemantauan Khusus
613,FITT,Hotel Fitra International Tbk.,11 Jun 2019,1.304.272.051,Pengembangan
614,BOLA,Bali Bintang Sejahtera Tbk.,17 Jun 2019,6.000.000.000,Utama
615,CCSI,Communication Cable Systems In,18 Jun 2019,1.199.999.998,Pengembangan
616,SFAN,Surya Fajar Capital Tbk.,19 Jun 2019,1.359.934.021,Pengembangan
617,POLU,Golden Flower Tbk.,26 Jun 2019,750.000.000,Pengembangan
618,KJEN,Krida Jaringan Nusantara Tbk.,01 Jul 2019,500.000.000,Pengembangan
619,KAYU,Darmi Bersaudara Tbk.,04 Jul 2019,665.000.000,Pemantauan Khusus
620,ITIC,Indonesian Tobacco Tbk.,04 Jul 2019,940.720.000,Pengembangan
621,PAMG,Bima Sakti Pertiwi Tbk.,05 Jul 2019,3.125.000.000,Pengembangan
622,IPTV,MNC Vision Networks Tbk.,08 Jul 2019,42.197.950.841,Pemantauan Khusus
623,BLUE,Berkah Prima Perkasa Tbk.,08 Jul 2019,418.000.000,Pengembangan
624,ENVY,Envy Technologies Indonesia Tb,08 Jul 2019,1.800.000.000,Pemantauan Khusus
625,EAST,Eastparc Hotel Tbk.,09 Jul 2019,4.126.405.336,Pengembangan
626,LIFE,MSIG Life Insurance Indonesia ,09 Jul 2019,2.100.000.000,Pengembangan
627,FUJI,Fuji Finance Indonesia Tbk.,09 Jul 2019,1.300.000.000,Pengembangan
628,KOTA,DMS Propertindo Tbk.,09 Jul 2019,10.546.185.701,Pemantauan Khusus
629,INOV,Inocycle Technology Group Tbk.,10 Jul 2019,1.808.221.900,Pengembangan
630,ARKA,Arkha Jayanti Persada Tbk.,10 Jul 2019,2.000.000.000,Pemantauan Khusus
631,SMKL,Satyamitra Kemas Lestari Tbk.,11 Jul 2019,3.418.085.290,Pengembangan
632,HDIT,Hensel Davest Indonesia Tbk.,12 Jul 2019,1.524.680.000,Pemantauan Khusus
633,KEEN,Kencana Energi Lestari Tbk.,02 Sep 2019,3.666.312.500,Utama
634,BAPI,Bhakti Agung Propertindo Tbk.,16 Sep 2019,5.591.980.103,Pemantauan Khusus
635,TFAS,Telefast Indonesia Tbk.,17 Sep 2019,1.666.666.500,Pengembangan
636,GGRP,Gunung Raja Paksi Tbk.,19 Sep 2019,12.111.376.157,Pemantauan Khusus
637,OPMS,Optima Prima Metal Sinergi Tbk,23 Sep 2019,1.000.000.000,Pengembangan
638,NZIA,Nusantara Almazia Tbk.,25 Sep 2019,2.197.540.705,Pengembangan
639,SLIS,Gaya Abadi Sempurna Tbk.,07 Okt 2019,2.463.335.910,Pengembangan
640,PURE,Trinitan Metals and Minerals T,09 Okt 2019,1.375.181.505,Pemantauan Khusus
641,IRRA,Itama Ranoraya Tbk.,15 Okt 2019,1.600.000.000,Pengembangan
642,DMMX,Digital Mediatama Maxima Tbk.,21 Okt 2019,7.692.307.700,Pengembangan
643,SINI,Singaraja Putra Tbk.,08 Nov 2019,481.000.000,Pemantauan Khusus
644,WOWS,Ginting Jaya Energi Tbk.,08 Nov 2019,2.475.720.000,Pemantauan Khusus
645,ESIP,Sinergi Inti Plastindo Tbk.,14 Nov 2019,1.109.953.847,Pemantauan Khusus
646,TEBE,Dana Brata Luhur Tbk.,18 Nov 2019,1.285.000.000,Utama
647,KEJU,Mulia Boga Raya Tbk.,25 Nov 2019,1.500.000.000,Pengembangan
648,PSGO,Palma Serasih Tbk.,25 Nov 2019,18.850.000.000,Utama
649,AGAR,Asia Sejahtera Mina Tbk.,02 Des 2019,1.000.000.000,Pengembangan
650,IFSH,Ifishdeco Tbk.,05 Des 2019,2.125.000.000,Pengembangan
651,REAL,Repower Asia Indonesia Tbk.,06 Des 2019,6.633.610.151,Pemantauan Khusus
652,IFII,Indonesia Fibreboard Industry ,10 Des 2019,9.412.000.000,Pengembangan
653,PMJS,Putra Mandiri Jembar Tbk.,18 Des 2019,13.755.600.000,Pengembangan
654,UCID,Uni-Charm Indonesia Tbk.,20 Des 2019,4.156.572.300,Utama
655,GLVA,Galva Technologies Tbk.,23 Des 2019,1.500.000.000,Pengembangan
656,PGJO,Tourindo Guide Indonesia Tbk.,08 Jan 2020,772.459.095,Akselerasi
657,AMAR,Bank Amar Indonesia Tbk.,09 Jan 2020,18.197.283.760,Pengembangan
658,CSRA,Cisadane Sawit Raya Tbk.,09 Jan 2020,2.050.000.000,Pengembangan
659,INDO,Royalindo Investa Wijaya Tbk.,13 Jan 2020,4.382.900.690,Pengembangan
660,AMOR,Ashmore Asset Management Indon,14 Jan 2020,2.222.222.400,Pengembangan
661,TRIN,Perintis Triniti Properti Tbk.,15 Jan 2020,4.551.457.346,Pengembangan
662,DMND,Diamond Food Indonesia Tbk.,22 Jan 2020,9.468.359.000,Pemantauan Khusus
663,PURA,Putra Rajawali Kencana Tbk.,29 Jan 2020,6.301.930.902,Pemantauan Khusus
664,PTPW,Pratama Widya Tbk.,07 Feb 2020,878.187.500,Pengembangan
665,TAMA,Lancartama Sejati Tbk.,10 Feb 2020,1.200.000.696,Pemantauan Khusus
666,IKAN,Era Mandiri Cemerlang Tbk.,12 Feb 2020,833.333.000,Pemantauan Khusus
667,AYLS,Agro Yasa Lestari Tbk.,12 Feb 2020,853.423.236,Pengembangan
668,DADA,Diamond Citra Propertindo Tbk.,14 Feb 2020,7.431.530.800,Pemantauan Khusus
669,ASPI,Andalan Sakti Primaindo Tbk.,17 Feb 2020,681.823.317,Pengembangan
670,ESTA,Esta Multi Usaha Tbk.,09 Mar 2020,2.425.354.179,Pengembangan
671,BESS,Batulicin Nusantara Maritim Tb,09 Mar 2020,3.440.455.528,Pengembangan
672,AMAN,Makmur Berkah Amanda Tbk.,13 Mar 2020,3.873.500.000,Pengembangan
673,CARE,Metro Healthcare Indonesia Tbk,13 Mar 2020,33.250.000.000,Pengembangan
674,SAMF,Saraswanti Anugerah Makmur Tbk,31 Mar 2020,5.125.000.000,Utama
675,SBAT,Sejahtera Bintang Abadi Textil,08 Apr 2020,4.752.982.378,Pemantauan Khusus
676,KBAG,Karya Bersama Anugerah Tbk.,08 Apr 2020,7.150.002.603,Pemantauan Khusus
677,CBMF,Cahaya Bintang Medan Tbk.,09 Apr 2020,1.875.000.000,Pemantauan Khusus
678,RONY,Aesler Grup Internasional Tbk.,09 Apr 2020,1.250.000.000,Pemantauan Khusus
679,CSMI,Cipta Selera Murni Tbk.,09 Apr 2020,816.061.500,Pemantauan Khusus
680,BBSS,Bumi Benowo Sukses Sejahtera T,15 Apr 2020,4.800.016.020,Pengembangan
681,BHAT,Bhakti Multi Artha Tbk.,15 Apr 2020,5.000.000.000,Pengembangan
682,CASH,Cashlez Worldwide Indonesia Tb,04 Mei 2020,1.431.125.517,Akselerasi
683,TECH,Indosterling Technomedia Tbk.,04 Jun 2020,1.256.300.000,Pemantauan Khusus
684,EPAC,Megalestari Epack Sentosaraya ,01 Jul 2020,3.303.400.000,Pemantauan Khusus
685,UANG,Pakuan Tbk.,06 Jul 2020,1.210.000.000,Pengembangan
686,PGUN,Pradiksi Gunatama Tbk.,07 Jul 2020,5.737.848.882,Pemantauan Khusus
687,SOFA,Boston Furniture Industries Tb,07 Jul 2020,1.653.574.499,Akselerasi
688,PPGL,Prima Globalindo Logistik Tbk.,20 Jul 2020,771.178.020,Akselerasi
689,TOYS,Sunindo Adipersada Tbk.,06 Agt 2020,1.435.000.712,Pemantauan Khusus
690,SGER,Sumber Global Energy Tbk.,10 Agt 2020,15.586.909.438,Pengembangan
691,TRJA,Transkon Jaya Tbk.,27 Agt 2020,1.510.200.000,Pengembangan
692,PNGO,Pinago Utama Tbk.,31 Agt 2020,781.250.000,Pengembangan
693,SCNP,Selaras Citra Nusantara Perkas,07 Sep 2020,2.500.000.000,Pengembangan
694,BBSI,Krom Bank Indonesia Tbk.,07 Sep 2020,3.637.976.068,Pengembangan
695,KMDS,Kurniamitra Duta Sentosa Tbk.,07 Sep 2020,800.000.000,Pengembangan
696,PURI,Puri Global Sukses Tbk.,08 Sep 2020,1.000.000.000,Pengembangan
697,SOHO,Soho Global Health Tbk.,08 Sep 2020,12.691.682.390,Pengembangan
698,HOMI,Grand House Mulia Tbk.,10 Sep 2020,1.575.000.000,Pengembangan
699,ROCK,Rockfields Properti Indonesia ,10 Sep 2020,1.435.185.100,Pemantauan Khusus
700,ENZO,Morenzo Abadi Perkasa Tbk.,14 Sep 2020,2.162.547.122,Pemantauan Khusus
701,PLAN,Planet Properindo Jaya Tbk.,15 Sep 2020,896.709.596,Akselerasi
702,PTDU,Djasa Ubersakti Tbk.,08 Des 2020,1.500.000.000,Pemantauan Khusus
703,ATAP,Trimitra Prawara Goldland Tbk.,11 Des 2020,1.250.000.000,Pemantauan Khusus
704,VICI,Victoria Care Indonesia Tbk.,17 Des 2020,6.708.000.000,Utama
705,PMMP,Panca Mitra Multiperdana Tbk.,18 Des 2020,2.588.300.000,Pengembangan
706,WIFI,Solusi Sinergi Digital Tbk.,30 Des 2020,2.359.355.118,Pengembangan
707,FAPA,FAP Agri Tbk.,04 Jan 2021,3.629.411.800,Pengembangan
708,DCII,DCI Indonesia Tbk.,06 Jan 2021,2.383.745.900,Pengembangan
709,KETR,Ketrosden Triasmitra Tbk.,11 Jan 2021,2.841.262.838,Pengembangan
710,DGNS,Diagnos Laboratorium Utama Tbk,15 Jan 2021,1.250.000.000,Pengembangan
711,UFOE,Damai Sejahtera Abadi Tbk.,01 Feb 2021,2.287.500.000,Pengembangan
712,BANK,Bank Aladin Syariah Tbk.,01 Feb 2021,14.621.940.588,Utama
713,WMUU,Widodo Makmur Unggas Tbk.,02 Feb 2021,12.941.176.500,Pemantauan Khusus
714,EDGE,Indointernet Tbk.,08 Feb 2021,2.020.250.000,Pengembangan
715,UNIQ,Ulima Nitra Tbk.,08 Mar 2021,3.138.983.000,Utama
716,BEBS,Berkah Beton Sadaya Tbk.,10 Mar 2021,45.000.000.000,Pemantauan Khusus
717,SNLK,Sunter Lakeside Hotel Tbk.,29 Mar 2021,450.000.000,Pengembangan
718,ZYRX,Zyrexindo Mandiri Buana Tbk.,30 Mar 2021,1.333.334.556,Pengembangan
719,LFLO,Imago Mulia Persada Tbk.,07 Apr 2021,1.307.734.937,Akselerasi
720,FIMP,Fimperkasa Utama Tbk.,09 Apr 2021,400.000.975,Pemantauan Khusus
721,TAPG,Triputra Agro Persada Tbk.,12 Apr 2021,19.852.540.000,Utama
722,NPGF,Nusa Palapa Gemilang Tbk.,14 Apr 2021,3.240.235.840,Pemantauan Khusus
723,LUCY,Lima Dua Lima Tiga Tbk.,05 Mei 2021,1.514.773.893,Akselerasi
724,ADCP,Adhi Commuter Properti Tbk.,21 Mei 2021,22.222.222.200,Pengembangan
725,HOPE,Harapan Duta Pertiwi Tbk.,24 Mei 2021,2.130.360.203,Pemantauan Khusus
726,MGLV,Panca Anugrah Wisesa Tbk.,08 Jun 2021,1.904.883.411,Akselerasi
727,TRUE,Triniti Dinamik Tbk.,10 Jun 2021,7.571.107.860,Pemantauan Khusus
728,LABA,Green Power Group Tbk.,10 Jun 2021,1.103.402.553,Pengembangan
729,ARCI,Archi Indonesia Tbk.,28 Jun 2021,24.835.000.000,Pengembangan
730,IPAC,Era Graharealty Tbk.,30 Jun 2021,949.868.500,Akselerasi
731,MASB,Bank Multiarta Sentosa Tbk.,30 Jun 2021,1.387.737.233,Pengembangan
732,BMHS,Bundamedik Tbk.,06 Jul 2021,8.603.416.176,Utama
733,FLMC,Falmaco Nonwoven Industri Tbk.,08 Jul 2021,781.250.000,Akselerasi
734,NICL,PAM Mineral Tbk.,09 Jul 2021,10.635.644.907,Pengembangan
735,UVCR,Trimegah Karya Pratama Tbk.,27 Jul 2021,2.000.144.838,Pengembangan
736,BUKA,Bukalapak.com Tbk.,06 Agt 2021,103.121.636.167,Ekonomi Baru
737,HAIS,Hasnur Internasional Shipping ,01 Sep 2021,2.626.250.000,Pengembangan
738,OILS,Indo Oil Perkasa Tbk.,06 Sep 2021,454.056.563,Pengembangan
739,GPSO,Geoprima Solusi Tbk.,06 Sep 2021,666.741.103,Pengembangan
740,MCOL,Prima Andalan Mandiri Tbk.,07 Sep 2021,3.555.560.000,Utama
741,RSGK,Kedoya Adyaraya Tbk.,08 Sep 2021,929.675.000,Utama
742,RUNS,Global Sukses Solusi Tbk.,08 Sep 2021,983.557.875,Akselerasi
743,SBMA,Surya Biru Murni Acetylene Tbk,08 Sep 2021,929.926.282,Pengembangan
744,CMNT,Cemindo Gemilang Tbk.,08 Sep 2021,17.125.504.000,Utama
745,GTSI,GTS Internasional Tbk.,08 Sep 2021,15.819.142.767,Pemantauan Khusus
746,IDEA,Idea Indonesia Akademi Tbk.,09 Sep 2021,1.062.437.500,Akselerasi
747,KUAS,Ace Oldfields Tbk.,25 Okt 2021,1.292.808.150,Pengembangan
748,BOBA,Formosa Ingredient Factory Tbk,01 Nov 2021,1.155.750.000,Pengembangan
749,MTEL,Dayamitra Telekomunikasi Tbk.,22 Nov 2021,83.552.719.544,Utama
750,DEPO,Caturkarda Depo Bangunan Tbk.,25 Nov 2021,6.790.000.000,Pengembangan
751,BINO,Perma Plasindo Tbk.,25 Nov 2021,2.208.643.824,Pengembangan
752,CMRY,Cisarua Mountain Dairy Tbk.,06 Des 2021,7.934.683.000,Utama
753,WGSH,Wira Global Solusi Tbk.,06 Des 2021,1.042.500.000,Akselerasi
754,TAYS,Jaya Swarasa Agung Tbk.,06 Des 2021,1.098.920.000,Pengembangan
755,WMPP,Widodo Makmur Perkasa Tbk.,06 Des 2021,29.419.000.000,Pemantauan Khusus
756,RMKE,RMK Energy Tbk.,07 Des 2021,4.375.000.000,Utama
757,OBMD,OBM Drilchem Tbk.,08 Des 2021,805.992.931,Pengembangan
758,AVIA,Avia Avian Tbk.,08 Des 2021,61.953.555.600,Utama
759,IPPE,Indo Pureco Pratama Tbk.,09 Des 2021,4.600.000.000,Pemantauan Khusus
760,NASI,Wahana Inti Makmur Tbk.,13 Des 2021,807.400.000,Pengembangan
761,BSML,Bintang Samudera Mandiri Lines,16 Des 2021,1.850.225.000,Pengembangan
762,DRMA,Dharma Polimetal Tbk.,20 Des 2021,4.705.882.300,Utama
763,ADMR,Adaro Minerals Indonesia Tbk.,03 Jan 2022,40.882.331.500,Utama
764,SEMA,Semacom Integrated Tbk.,10 Jan 2022,1.347.258.842,Pengembangan
765,ASLC,Autopedia Sukses Lestari Tbk.,25 Jan 2022,12.746.354.780,Pengembangan
766,NETV,Net Visi Media Tbk.,26 Jan 2022,41.360.517.722,Pemantauan Khusus
767,BAUT,Mitra Angkasa Sejahtera Tbk.,28 Jan 2022,4.800.139.119,Pemantauan Khusus
768,ENAK,Champ Resto Indonesia Tbk.,08 Feb 2022,2.166.666.800,Pengembangan
769,NTBK,Nusatama Berkah Tbk.,09 Feb 2022,2.700.064.877,Pengembangan
770,SMKM,Sumber Mas Konstruksi Tbk.,09 Mar 2022,1.253.000.000,Akselerasi
771,STAA,Sumber Tani Agung Resources Tb,10 Mar 2022,10.903.372.600,Utama
772,NANO,Nanotech Indonesia Global Tbk.,10 Mar 2022,4.285.227.562,Akselerasi
773,BIKE,Sepeda Bersama Indonesia Tbk.,21 Mar 2022,1.293.916.404,Pengembangan
774,WIRG,WIR ASIA Tbk.,04 Apr 2022,11.938.622.394,Pengembangan
775,SICO,Sigma Energy Compressindo Tbk.,08 Apr 2022,910.052.646,Pengembangan
776,GOTO,GoTo Gojek Tokopedia Tbk.,11 Apr 2022,1.201.409.662.836,Ekonomi Baru
777,TLDN,Teladan Prima Agro Tbk.,12 Apr 2022,12.946.530.200,Pengembangan
778,MTMH,Murni Sadar Tbk.,20 Apr 2022,2.068.526.950,Utama
779,WINR,Winner Nusantara Jaya Tbk.,25 Apr 2022,5.235.292.597,Pemantauan Khusus
780,IBOS,Indo Boga Sukses Tbk.,25 Apr 2022,8.065.789.529,Akselerasi
781,OLIV,Oscar Mitra Sukses Sejahtera T,17 Mei 2022,1.900.073.314,Akselerasi
782,ASHA,Cilacap Samudera Fishing Indus,27 Mei 2022,5.000.000.000,Pemantauan Khusus
783,SWID,Saraswanti Indoland Developmen,07 Jul 2022,5.385.019.201,Pengembangan
784,TRGU,Cerestar Indonesia Tbk.,08 Jul 2022,7.945.412.700,Utama
785,ARKO,Arkora Hydro Tbk.,08 Jul 2022,2.928.495.000,Pengembangan
786,CHEM,Chemstar Indonesia Tbk.,08 Jul 2022,1.700.014.594,Pengembangan
787,DEWI,Dewi Shri Farmindo Tbk.,18 Jul 2022,2.000.000.000,Pengembangan
788,AXIO,Tera Data Indonusa Tbk.,20 Jul 2022,5.840.126.500,Utama
789,KRYA,Bangun Karya Perkasa Jaya Tbk.,25 Jul 2022,1.663.943.474,Pengembangan
790,HATM,Habco Trans Maritima Tbk.,26 Jul 2022,7.000.000.000,Utama
791,RCCC,Utama Radar Cahaya Tbk.,02 Agt 2022,787.500.000,Akselerasi
792,GULA,Aman Agrindo Tbk.,03 Agt 2022,1.070.362.500,Pengembangan
793,JARR,Jhonlin Agro Raya Tbk.,04 Agt 2022,9.230.665.050,Utama
794,AMMS,Agung Menjangan Mas Tbk.,04 Agt 2022,1.200.055.496,Akselerasi
795,RAFI,Sari Kreasi Boga Tbk.,05 Agt 2022,3.128.140.475,Pemantauan Khusus
796,KKES,Kusuma Kemindo Sentosa Tbk.,08 Agt 2022,1.500.000.000,Pemantauan Khusus
797,ELPI,Pelayaran Nasional Ekalya Purn,08 Agt 2022,7.412.000.000,Utama
798,EURO,Estee Gold Feet Tbk.,08 Agt 2022,2.548.826.428,Akselerasi
799,KLIN,Klinko Karya Imaji Tbk.,09 Agt 2022,1.307.530.330,Akselerasi
800,TOOL,Rohartindo Nusantara Luas Tbk.,09 Agt 2022,2.050.020.320,Pengembangan
801,BUAH,Segar Kumala Indonesia Tbk.,09 Agt 2022,1.000.000.000,Pengembangan
802,CRAB,Toba Surimi Industries Tbk.,10 Agt 2022,1.950.000.000,Pengembangan
803,MEDS,Hetzer Medical Indonesia Tbk.,10 Agt 2022,1.562.500.000,Pengembangan
804,COAL,Black Diamond Resources Tbk.,07 Sep 2022,6.250.000.000,Pemantauan Khusus
805,PRAY,Famon Awal Bros Sedaya Tbk.,08 Nov 2022,13.959.422.300,Pengembangan
806,CBUT,Citra Borneo Utama Tbk.,08 Nov 2022,3.125.000.000,Utama
807,BELI,Global Digital Niaga Tbk.,08 Nov 2022,128.110.737.143,Ekonomi Baru
808,MKTR,Menthobi Karyatama Raya Tbk.,08 Nov 2022,12.052.390.422,Utama
809,OMED,Jayamas Medica Industri Tbk.,08 Nov 2022,27.058.850.000,Utama
810,BSBK,Wulandari Bangun Laksana Tbk.,08 Nov 2022,25.091.882.375,Utama
811,PDPP,Primadaya Plastisindo Tbk.,09 Nov 2022,3.061.341.438,Pengembangan
812,KDTN,Puri Sentul Permai Tbk.,09 Nov 2022,1.250.023.160,Pengembangan
813,ZATA,Bersama Zatta Jaya Tbk.,10 Nov 2022,8.496.000.000,Pemantauan Khusus
814,NINE,Techno9 Indonesia Tbk.,05 Des 2022,2.157.000.000,Akselerasi
815,MMIX,Multi Medika Internasional Tbk,06 Des 2022,2.400.205.439,Pengembangan
816,PADA,Personel Alih Daya Tbk.,08 Des 2022,3.150.000.000,Pemantauan Khusus
817,ISAP,Isra Presisi Indonesia Tbk.,09 Des 2022,4.020.079.672,Akselerasi
818,VTNY,Venteny Fortuna International ,15 Des 2022,6.265.193.445,Utama
819,SOUL,Mitra Tirta Buwana Tbk.,06 Jan 2023,1.082.526.223,Akselerasi
820,ELIT,Data Sinergitama Jaya Tbk.,06 Jan 2023,2.031.643.057,Pengembangan
821,BEER,Jobubu Jarum Minahasa Tbk.,06 Jan 2023,4.000.000.000,Pengembangan
822,CBPE,Citra Buana Prasida Tbk.,06 Jan 2023,1.356.250.000,Pengembangan
823,SUNI,Sunindo Pratama Tbk.,09 Jan 2023,2.500.000.000,Utama
824,CBRE,Cakra Buana Resources Energi T,09 Jan 2023,4.538.056.661,Pemantauan Khusus
825,WINE,Hatten Bali Tbk.,10 Jan 2023,2.710.000.000,Pengembangan
826,BMBL,Lavender Bina Cendikia Tbk.,11 Jan 2023,1.030.080.995,Akselerasi
827,PEVE,Penta Valent Tbk.,24 Jan 2023,1.765.625.000,Pengembangan
828,LAJU,Jasa Berdikari Logistics Tbk.,27 Jan 2023,2.149.942.974,Pengembangan
829,FWCT,Wijaya Cahaya Timber Tbk.,01 Feb 2023,1.875.000.000,Pengembangan
830,NAYZ,Hassana Boga Sejahtera Tbk.,06 Feb 2023,2.550.011.472,Akselerasi
831,IRSX,Aviana Sinar Abadi Tbk.,07 Feb 2023,5.000.349.426,Pemantauan Khusus
832,PACK,Solusi Kemasan Digital Tbk.,08 Feb 2023,1.537.552.070,Akselerasi
833,VAST,Vastland Indonesia Tbk.,08 Feb 2023,3.055.712.043,Pengembangan
834,CHIP,Pelita Teknologi Global Tbk.,08 Feb 2023,806.000.000,Akselerasi
835,HALO,Haloni Jane Tbk.,08 Feb 2023,5.650.013.281,Pengembangan
836,KING,Hoffmen Cleanindo Tbk.,16 Feb 2023,2.600.207.374,Akselerasi
837,PGEO,Pertamina Geothermal Energy Tb,24 Feb 2023,41.508.024.149,Utama
838,FUTR,Lini Imaji Kreasi Ekosistem Tb,27 Feb 2023,6.390.101.980,Pemantauan Khusus
839,HILL,Hillcon Tbk.,01 Mar 2023,2.948.300.000,Utama
840,BDKR,Berdikari Pondasi Perkasa Tbk.,03 Mar 2023,4.725.101.522,Utama
841,PTMP,Mitra Pack Tbk.,06 Mar 2023,3.169.200.000,Pengembangan
842,SAGE,Saptausaha Gemilangindah Tbk.,08 Mar 2023,8.033.267.162,Pemantauan Khusus
843,TRON,Teknologi Karya Digital Nusa T,08 Mar 2023,2.951.292.762,Pengembangan
844,CUAN,Petrindo Jaya Kreasi Tbk.,08 Mar 2023,11.241.890.000,Utama
845,NSSS,Nusantara Sawit Sejahtera Tbk.,10 Mar 2023,23.801.568.645,Pengembangan
846,GTRA,Grahaprima Suksesmandiri Tbk.,30 Mar 2023,1.894.375.000,Pengembangan
847,HAJJ,Arsy Buana Travelindo Tbk.,05 Apr 2023,2.290.525.928,Akselerasi
848,PIPA,Multi Makmur Lemindo Tbk.,10 Apr 2023,3.425.031.093,Pemantauan Khusus
849,NCKL,Trimegah Bangun Persada Tbk.,12 Apr 2023,63.098.600.000,Utama
850,MENN,Menn Teknologi Indonesia Tbk.,18 Apr 2023,1.434.052.006,Akselerasi
851,AWAN,Era Digital Media Tbk.,18 Apr 2023,3.435.000.000,Pengembangan
852,MBMA,Merdeka Battery Materials Tbk.,18 Apr 2023,107.995.419.900,Pengembangan
853,RAAM,Tripar Multivision Plus Tbk.,08 Mei 2023,6.813.620.000,Utama
854,DOOH,Era Media Sejahtera Tbk.,08 Mei 2023,7.737.561.050,Pengembangan
855,JATI,Informasi Teknologi Indonesia ,08 Mei 2023,3.262.520.106,Pengembangan
856,TYRE,King Tire Indonesia Tbk.,08 Mei 2023,3.478.044.638,Pengembangan
857,MPXL,MPX Logistics International Tb,09 Mei 2023,2.000.014.587,Pengembangan
858,SMIL,Sarana Mitra Luas Tbk.,12 Mei 2023,8.750.157.565,Utama
859,KLAS,Pelayaran Kurnia Lautan Semest,12 Jun 2023,2.165.000.000,Pengembangan
860,MAXI,Maxindo Karya Anugerah Tbk.,12 Jun 2023,9.610.063.002,Pengembangan
861,VKTR,VKTR Teknologi Mobilitas Tbk.,19 Jun 2023,43.750.000.000,Pengembangan
862,RELF,Graha Mitra Asia Tbk.,22 Jun 2023,5.727.832.195,Akselerasi
863,AMMN,Amman Mineral Internasional Tb,07 Jul 2023,72.518.217.656,Utama
864,CRSN,Carsurin Tbk.,10 Jul 2023,2.892.000.000,Pengembangan
865,GRPM,Graha Prima Mentari Tbk.,10 Jul 2023,1.545.055.959,Akselerasi
866,WIDI,Widiant Jaya Krenindo Tbk.,10 Jul 2023,1.600.031.683,Akselerasi
867,TGUK,Platinum Wahab Nusantara Tbk.,10 Jul 2023,3.571.451.815,Pengembangan
868,INET,Sinergi Inti Andalan Prima Tbk,24 Jul 2023,7.500.064.722,Pengembangan
869,MAHA,Mandiri Herindo Adiperkasa Tbk,25 Jul 2023,16.666.000.000,Utama
870,RMKO,Royaltama Mulia Kontraktorindo,31 Jul 2023,1.250.000.000,Pengembangan
871,CNMA,Nusantara Sejahtera Raya Tbk.,02 Agt 2023,83.345.000.000,Utama
872,FOLK,Multi Garam Utama Tbk.,07 Agt 2023,3.948.141.464,Pengembangan
873,HBAT,Minahasa Membangun Hebat Tbk.,07 Agt 2023,1.040.740.800,Akselerasi
874,GRIA,Ingria Pratama Capitalindo Tbk,08 Agt 2023,7.375.720.674,Pengembangan
875,PPRI,Paperocks Indonesia Tbk.,08 Agt 2023,1.075.027.288,Pengembangan
876,ERAL,Sinar Eka Selaras Tbk.,08 Agt 2023,5.187.500.000,Utama
877,CYBR,ITSEC Asia Tbk.,08 Agt 2023,6.449.582.631,Pengembangan
878,MUTU,Mutuagung Lestari Tbk.,09 Agt 2023,3.142.880.138,Pengembangan
879,LMAX,Lupromax Pelumas Indonesia Tbk,09 Agt 2023,650.008.775,Akselerasi
880,HUMI,Humpuss Maritim Internasional ,09 Agt 2023,18.046.495.976,Utama
881,MSIE,Multisarana Intan Eduka Tbk.,10 Agt 2023,1.460.007.754,Akselerasi
882,RSCH,Charlie Hospital Semarang Tbk.,28 Agt 2023,2.650.000.000,Pengembangan
883,BABY,Multitrend Indo Tbk.,07 Sep 2023,2.616.226.706,Pengembangan
884,AEGS,Anugerah Spareparts Sejahtera ,11 Sep 2023,1.006.080.721,Akselerasi
885,IOTF,Sumber Sinergi Makmur Tbk.,06 Okt 2023,5.290.298.067,Pengembangan
886,KOCI,Kokoh Exa Nusantara Tbk.,07 Okt 2023,4.415.591.100,Pengembangan
887,PTPS,Pulau Subur Tbk.,09 Okt 2023,2.167.514.856,Pengembangan
888,BREN,Barito Renewables Energy Tbk.,09 Okt 2023,133.786.220.000,Utama
889,STRK,Lovina Beach Brewery Tbk.,10 Okt 2023,10.721.835.562,Pengembangan
890,KOKA,Koka Indonesia Tbk.,11 Okt 2023,2.861.333.000,Pengembangan
891,LOPI,Logisticsplus International Tb,11 Okt 2023,1.100.011.289,Akselerasi
892,UDNG,Agro Bahari Nusantara Tbk.,31 Okt 2023,1.750.039.324,Akselerasi
893,RGAS,Kian Santang Muliatama Tbk.,08 Nov 2023,1.459.225.049,Pengembangan
894,MSTI,Mastersystem Infotama Tbk.,08 Nov 2023,3.138.823.600,Utama
895,IKPM,Ikapharmindo Putramas Tbk.,08 Nov 2023,1.684.662.500,Pengembangan
896,AYAM,Janu Putra Sejahtera Tbk.,30 Nov 2023,4.000.000.000,Pengembangan
897,SURI,Maja Agung Latexindo Tbk.,07 Des 2023,6.334.375.000,Pengembangan
898,ASLI,Asri Karya Lestari Tbk.,05 Jan 2024,6.250.000.000,Pengembangan
899,CGAS,Citra Nusantara Gemilang Tbk.,08 Jan 2024,1.771.467.855,Pengembangan
900,NICE,Adhi Kartiko Pratama Tbk.,09 Jan 2024,6.082.020.000,Pengembangan
901,MSJA,Multi Spunindo Jaya Tbk.,10 Jan 2024,5.882.352.900,Utama
902,SMLE,Sinergi Multi Lestarindo Tbk.,10 Jan 2024,2.328.135.979,Pengembangan
903,ACRO,Samcro Hyosung Adilestari Tbk.,11 Jan 2024,3.469.155.318,Pengembangan
904,MANG,Manggung Polahraya Tbk.,11 Jan 2024,3.812.500.000,Akselerasi
905,GRPH,Griptha Putra Persada Tbk.,17 Jan 2024,1.000.000.000,Pengembangan
906,SMGA,Sumber Mineral Global Abadi Tb,30 Jan 2024,8.750.000.000,Pengembangan
907,UNTD,Terang Dunia Internusa Tbk.,07 Feb 2024,6.666.666.700,Pengembangan
908,TOSK,Topindo Solusi Komunika Tbk.,07 Feb 2024,4.375.005.117,Pengembangan
909,MPIX,Mitra Pedagang Indonesia Tbk.,07 Feb 2024,1.562.500.000,Pengembangan
910,ALII,Ancara Logistics Indonesia Tbk,07 Feb 2024,15.825.800.000,Utama
911,MKAP,Multikarya Asia Pasifik Raya T,12 Feb 2024,3.250.000.000,Pengembangan
912,MEJA,Harta Djaya Karya Tbk.,12 Feb 2024,1.917.500.000,Akselerasi
913,LIVE,Homeco Victoria Makmur Tbk.,12 Feb 2024,4.593.005.014,Pengembangan
914,HYGN,Ecocare Indo Pasifik Tbk.,13 Feb 2024,2.525.000.000,Pengembangan
915,BAIK,Bersama Mencapai Puncak Tbk.,15 Feb 2024,1.125.000.000,Pengembangan
916,VISI,Satu Visi Putra Tbk.,27 Feb 2024,3.075.000.000,Pengembangan
917,AREA,Dunia Virtual Online Tbk.,01 Apr 2024,2.539.601.000,Pengembangan
918,MHKI,Multi Hanna Kreasindo Tbk.,16 Apr 2024,3.750.000.000,Pengembangan
919,ATLA,Atlantis Subsea Indonesia Tbk.,16 Apr 2024,6.199.520.261,Pengembangan
920,DATA,Remala Abadi Tbk.,07 Mei 2024,1.375.000.000,Pengembangan
921,SOLA,Xolare RCR Energy Tbk.,08 Mei 2024,3.281.250.000,Pengembangan
922,BATR,Benteng Api Technic Tbk.,10 Jun 2024,3.025.000.000,Pengembangan
923,SPRE,Soraya Berjaya Indonesia Tbk.,03 Jul 2024,800.000.000,Akselerasi
924,PART,Cipta Perdana Lancar Tbk.,05 Jul 2024,2.720.000.000,Pengembangan
925,GOLF,Intra Golflink Resorts Tbk.,08 Jul 2024,19.486.760.000,Utama
926,ISEA,Indo American Seafoods Tbk.,08 Jul 2024,1.390.000.000,Pengembangan
927,BLES,Superior Prima Sukses Tbk.,08 Jul 2024,8.890.206.400,Utama
928,GUNA,Gunanusa Eramandiri Tbk.,09 Jul 2024,2.500.000.000,Pengembangan
929,LABS,UBC Medical Indonesia Tbk.,10 Jul 2024,3.950.000.000,Pengembangan
930,DOSS,Global Sukses Digital Tbk.,07 Agt 2024,1.725.000.000,Pengembangan
931,NEST,Esta Indonesia Tbk.,08 Agt 2024,4.112.500.000,Pengembangan
932,PTMR,Master Print Tbk.,08 Okt 2024,1.907.000.000,Pengembangan
933,VERN,Verona Indah Pictures Tbk.,08 Okt 2024,4.765.525.000,Pengembangan
934,OASA,Maharaksa Biru Energi Tbk.,18 Jul 2016,6.347.220.000,Pengembangan
935,POWR,Cikarang Listrindo Tbk.,14 Jun 2016,16.087.156.000,Utama
936,INCF,Indo Komoditi Korpora Tbk.,06 Sep 2016,1.438.370.465,Pemantauan Khusus
937,WSBP,Waskita Beton Precast Tbk.,20 Sep 2016,54.906.503.076,Pemantauan Khusus
938,PBSA,Paramita Bangun Sarana Tbk.,28 Sep 2016,3.000.000.000,Pengembangan
