Kode;Keterangan Notasi
GOLL;1 : Harga rata-rata saham selama 6 bulan terakhir di Pasar Reguler dan/atau Pasar Reguler Periodic Call Auction kurang dari Rp51,00. |2 : Laporan Keuangan Auditan terakhir mendapatkan opini tidak menyatakan pendapat (disclaimer). |7 : Memiliki likuiditas rendah dengan kriteria nilai transaksi rata-rata harian saham kurang dari Rp5.000.000,00 (lima juta rupiah) dan volume transaksi rata-rata harian saham kurang dari 10.000 (sepuluh ribu) saham selama 6 (enam) bulan terakhir di Pasar Reguler dan/atau Pasar Reguler Periodic Call Auction. |9 : Anak perusahaan yang kontribusi pendapatannya material terhadap Perusahaan Tercatat, dalam kondisi dimohonkan PKPU, pailit, atau pembatalan perdamaian. |
OCAP;2 : Laporan Keuangan Auditan terakhir mendapatkan opini tidak menyatakan pendapat (disclaimer). |3 : Tidak membukukan pendapatan atau tidak terdapat perubahan pendapatan pada Laporan Keuangan Auditan dan/atau Laporan Keuangan Interim terakhir dibandingkan dengan laporan keuangan yang disampaikan sebelumnya. |5 : Memiliki ekuitas negatif pada laporan Keuangan terakhir. |7 : Memiliki likuiditas rendah dengan kriteria nilai transaksi rata-rata harian saham kurang dari Rp5.000.000,00 (lima juta rupiah) dan volume transaksi rata-rata harian saham kurang dari 10.000 (sepuluh ribu) saham selama 6 (enam) bulan terakhir di Pasar Reguler dan/atau Pasar Reguler Periodic Call Auction. |
GMFI;5 : Memiliki ekuitas negatif pada laporan Keuangan terakhir. |
LCKM;7 : Memiliki likuiditas rendah dengan kriteria nilai transaksi rata-rata harian saham kurang dari Rp5.000.000,00 (lima juta rupiah) dan volume transaksi rata-rata harian saham kurang dari 10.000 (sepuluh ribu) saham selama 6 (enam) bulan terakhir di Pasar Reguler dan/atau Pasar Reguler Periodic Call Auction. |
MTFN;1 : Harga rata-rata saham selama 6 bulan terakhir di Pasar Reguler dan/atau Pasar Reguler Periodic Call Auction kurang dari Rp51,00. |5 : Memiliki ekuitas negatif pada laporan Keuangan terakhir. |7 : Memiliki likuiditas rendah dengan kriteria nilai transaksi rata-rata harian saham kurang dari Rp5.000.000,00 (lima juta rupiah) dan volume transaksi rata-rata harian saham kurang dari 10.000 (sepuluh ribu) saham selama 6 (enam) bulan terakhir di Pasar Reguler dan/atau Pasar Reguler Periodic Call Auction. |
SMRU;1 : Harga rata-rata saham selama 6 bulan terakhir di Pasar Reguler dan/atau Pasar Reguler Periodic Call Auction kurang dari Rp51,00. |7 : Memiliki likuiditas rendah dengan kriteria nilai transaksi rata-rata harian saham kurang dari Rp5.000.000,00 (lima juta rupiah) dan volume transaksi rata-rata harian saham kurang dari 10.000 (sepuluh ribu) saham selama 6 (enam) bulan terakhir di Pasar Reguler dan/atau Pasar Reguler Periodic Call Auction. |
SCPI;7 : Memiliki likuiditas rendah dengan kriteria nilai transaksi rata-rata harian saham kurang dari Rp5.000.000,00 (lima juta rupiah) dan volume transaksi rata-rata harian saham kurang dari 10.000 (sepuluh ribu) saham selama 6 (enam) bulan terakhir di Pasar Reguler dan/atau Pasar Reguler Periodic Call Auction. |
SRIL;5 : Memiliki ekuitas negatif pada laporan Keuangan terakhir. |7 : Memiliki likuiditas rendah dengan kriteria nilai transaksi rata-rata harian saham kurang dari Rp5.000.000,00 (lima juta rupiah) dan volume transaksi rata-rata harian saham kurang dari 10.000 (sepuluh ribu) saham selama 6 (enam) bulan terakhir di Pasar Reguler dan/atau Pasar Reguler Periodic Call Auction. |
TAXI;1 : Harga rata-rata saham selama 6 bulan terakhir di Pasar Reguler dan/atau Pasar Reguler Periodic Call Auction kurang dari Rp51,00. |
TDPM;7 : Memiliki likuiditas rendah dengan kriteria nilai transaksi rata-rata harian saham kurang dari Rp5.000.000,00 (lima juta rupiah) dan volume transaksi rata-rata harian saham kurang dari 10.000 (sepuluh ribu) saham selama 6 (enam) bulan terakhir di Pasar Reguler dan/atau Pasar Reguler Periodic Call Auction. |
POOL;1 : Harga rata-rata saham selama 6 bulan terakhir di Pasar Reguler dan/atau Pasar Reguler Periodic Call Auction kurang dari Rp51,00. |7 : Memiliki likuiditas rendah dengan kriteria nilai transaksi rata-rata harian saham kurang dari Rp5.000.000,00 (lima juta rupiah) dan volume transaksi rata-rata harian saham kurang dari 10.000 (sepuluh ribu) saham selama 6 (enam) bulan terakhir di Pasar Reguler dan/atau Pasar Reguler Periodic Call Auction. |
POSA;1 : Harga rata-rata saham selama 6 bulan terakhir di Pasar Reguler dan/atau Pasar Reguler Periodic Call Auction kurang dari Rp51,00. |5 : Memiliki ekuitas negatif pada laporan Keuangan terakhir. |7 : Memiliki likuiditas rendah dengan kriteria nilai transaksi rata-rata harian saham kurang dari Rp5.000.000,00 (lima juta rupiah) dan volume transaksi rata-rata harian saham kurang dari 10.000 (sepuluh ribu) saham selama 6 (enam) bulan terakhir di Pasar Reguler dan/atau Pasar Reguler Periodic Call Auction. |
ROCK;7 : Memiliki likuiditas rendah dengan kriteria nilai transaksi rata-rata harian saham kurang dari Rp5.000.000,00 (lima juta rupiah) dan volume transaksi rata-rata harian saham kurang dari 10.000 (sepuluh ribu) saham selama 6 (enam) bulan terakhir di Pasar Reguler dan/atau Pasar Reguler Periodic Call Auction. |
BIKA;5 : Memiliki ekuitas negatif pada laporan Keuangan terakhir. |
AKKU;1 : Harga rata-rata saham selama 6 bulan terakhir di Pasar Reguler dan/atau Pasar Reguler Periodic Call Auction kurang dari Rp51,00. |
ANDI;1 : Harga rata-rata saham selama 6 bulan terakhir di Pasar Reguler dan/atau Pasar Reguler Periodic Call Auction kurang dari Rp51,00. |
ARMY;1 : Harga rata-rata saham selama 6 bulan terakhir di Pasar Reguler dan/atau Pasar Reguler Periodic Call Auction kurang dari Rp51,00. |7 : Memiliki likuiditas rendah dengan kriteria nilai transaksi rata-rata harian saham kurang dari Rp5.000.000,00 (lima juta rupiah) dan volume transaksi rata-rata harian saham kurang dari 10.000 (sepuluh ribu) saham selama 6 (enam) bulan terakhir di Pasar Reguler dan/atau Pasar Reguler Periodic Call Auction. |
BLTA;1 : Harga rata-rata saham selama 6 bulan terakhir di Pasar Reguler dan/atau Pasar Reguler Periodic Call Auction kurang dari Rp51,00. |
BSWD;7 : Memiliki likuiditas rendah dengan kriteria nilai transaksi rata-rata harian saham kurang dari Rp5.000.000,00 (lima juta rupiah) dan volume transaksi rata-rata harian saham kurang dari 10.000 (sepuluh ribu) saham selama 6 (enam) bulan terakhir di Pasar Reguler dan/atau Pasar Reguler Periodic Call Auction. |
BTEK;1 : Harga rata-rata saham selama 6 bulan terakhir di Pasar Reguler dan/atau Pasar Reguler Periodic Call Auction kurang dari Rp51,00. |
BTEL;1 : Harga rata-rata saham selama 6 bulan terakhir di Pasar Reguler dan/atau Pasar Reguler Periodic Call Auction kurang dari Rp51,00. |5 : Memiliki ekuitas negatif pada laporan Keuangan terakhir. |7 : Memiliki likuiditas rendah dengan kriteria nilai transaksi rata-rata harian saham kurang dari Rp5.000.000,00 (lima juta rupiah) dan volume transaksi rata-rata harian saham kurang dari 10.000 (sepuluh ribu) saham selama 6 (enam) bulan terakhir di Pasar Reguler dan/atau Pasar Reguler Periodic Call Auction. |
CANI;5 : Memiliki ekuitas negatif pada laporan Keuangan terakhir. |
CMPP;5 : Memiliki ekuitas negatif pada laporan Keuangan terakhir. |
CNKO;1 : Harga rata-rata saham selama 6 bulan terakhir di Pasar Reguler dan/atau Pasar Reguler Periodic Call Auction kurang dari Rp51,00. |5 : Memiliki ekuitas negatif pada laporan Keuangan terakhir. |
ELTY;1 : Harga rata-rata saham selama 6 bulan terakhir di Pasar Reguler dan/atau Pasar Reguler Periodic Call Auction kurang dari Rp51,00. |
DEFI;7 : Memiliki likuiditas rendah dengan kriteria nilai transaksi rata-rata harian saham kurang dari Rp5.000.000,00 (lima juta rupiah) dan volume transaksi rata-rata harian saham kurang dari 10.000 (sepuluh ribu) saham selama 6 (enam) bulan terakhir di Pasar Reguler dan/atau Pasar Reguler Periodic Call Auction. |
CTBN;7 : Memiliki likuiditas rendah dengan kriteria nilai transaksi rata-rata harian saham kurang dari Rp5.000.000,00 (lima juta rupiah) dan volume transaksi rata-rata harian saham kurang dari 10.000 (sepuluh ribu) saham selama 6 (enam) bulan terakhir di Pasar Reguler dan/atau Pasar Reguler Periodic Call Auction. |
HOME;1 : Harga rata-rata saham selama 6 bulan terakhir di Pasar Reguler dan/atau Pasar Reguler Periodic Call Auction kurang dari Rp51,00. |7 : Memiliki likuiditas rendah dengan kriteria nilai transaksi rata-rata harian saham kurang dari Rp5.000.000,00 (lima juta rupiah) dan volume transaksi rata-rata harian saham kurang dari 10.000 (sepuluh ribu) saham selama 6 (enam) bulan terakhir di Pasar Reguler dan/atau Pasar Reguler Periodic Call Auction. |
GLOB;5 : Memiliki ekuitas negatif pada laporan Keuangan terakhir. |
IIKP;1 : Harga rata-rata saham selama 6 bulan terakhir di Pasar Reguler dan/atau Pasar Reguler Periodic Call Auction kurang dari Rp51,00. |7 : Memiliki likuiditas rendah dengan kriteria nilai transaksi rata-rata harian saham kurang dari Rp5.000.000,00 (lima juta rupiah) dan volume transaksi rata-rata harian saham kurang dari 10.000 (sepuluh ribu) saham selama 6 (enam) bulan terakhir di Pasar Reguler dan/atau Pasar Reguler Periodic Call Auction. |
IKAI;1 : Harga rata-rata saham selama 6 bulan terakhir di Pasar Reguler dan/atau Pasar Reguler Periodic Call Auction kurang dari Rp51,00. |
JGLE;1 : Harga rata-rata saham selama 6 bulan terakhir di Pasar Reguler dan/atau Pasar Reguler Periodic Call Auction kurang dari Rp51,00. |
TRIL;1 : Harga rata-rata saham selama 6 bulan terakhir di Pasar Reguler dan/atau Pasar Reguler Periodic Call Auction kurang dari Rp51,00. |7 : Memiliki likuiditas rendah dengan kriteria nilai transaksi rata-rata harian saham kurang dari Rp5.000.000,00 (lima juta rupiah) dan volume transaksi rata-rata harian saham kurang dari 10.000 (sepuluh ribu) saham selama 6 (enam) bulan terakhir di Pasar Reguler dan/atau Pasar Reguler Periodic Call Auction. |
UNSP;5 : Memiliki ekuitas negatif pada laporan Keuangan terakhir. |
KBAG;1 : Harga rata-rata saham selama 6 bulan terakhir di Pasar Reguler dan/atau Pasar Reguler Periodic Call Auction kurang dari Rp51,00. |
KOTA;1 : Harga rata-rata saham selama 6 bulan terakhir di Pasar Reguler dan/atau Pasar Reguler Periodic Call Auction kurang dari Rp51,00. |
KREN;1 : Harga rata-rata saham selama 6 bulan terakhir di Pasar Reguler dan/atau Pasar Reguler Periodic Call Auction kurang dari Rp51,00. |
PPRO;1 : Harga rata-rata saham selama 6 bulan terakhir di Pasar Reguler dan/atau Pasar Reguler Periodic Call Auction kurang dari Rp51,00. |
PURA;1 : Harga rata-rata saham selama 6 bulan terakhir di Pasar Reguler dan/atau Pasar Reguler Periodic Call Auction kurang dari Rp51,00. |
BEKS;1 : Harga rata-rata saham selama 6 bulan terakhir di Pasar Reguler dan/atau Pasar Reguler Periodic Call Auction kurang dari Rp51,00. |
ARKA;1 : Harga rata-rata saham selama 6 bulan terakhir di Pasar Reguler dan/atau Pasar Reguler Periodic Call Auction kurang dari Rp51,00. |
BAUT;1 : Harga rata-rata saham selama 6 bulan terakhir di Pasar Reguler dan/atau Pasar Reguler Periodic Call Auction kurang dari Rp51,00. |
AGAR;7 : Memiliki likuiditas rendah dengan kriteria nilai transaksi rata-rata harian saham kurang dari Rp5.000.000,00 (lima juta rupiah) dan volume transaksi rata-rata harian saham kurang dari 10.000 (sepuluh ribu) saham selama 6 (enam) bulan terakhir di Pasar Reguler dan/atau Pasar Reguler Periodic Call Auction. |
TIFA;7 : Memiliki likuiditas rendah dengan kriteria nilai transaksi rata-rata harian saham kurang dari Rp5.000.000,00 (lima juta rupiah) dan volume transaksi rata-rata harian saham kurang dari 10.000 (sepuluh ribu) saham selama 6 (enam) bulan terakhir di Pasar Reguler dan/atau Pasar Reguler Periodic Call Auction. |
TIRA;7 : Memiliki likuiditas rendah dengan kriteria nilai transaksi rata-rata harian saham kurang dari Rp5.000.000,00 (lima juta rupiah) dan volume transaksi rata-rata harian saham kurang dari 10.000 (sepuluh ribu) saham selama 6 (enam) bulan terakhir di Pasar Reguler dan/atau Pasar Reguler Periodic Call Auction. |
WOWS;1 : Harga rata-rata saham selama 6 bulan terakhir di Pasar Reguler dan/atau Pasar Reguler Periodic Call Auction kurang dari Rp51,00. |
KBLV;5 : Memiliki ekuitas negatif pada laporan Keuangan terakhir. |
NETV;5 : Memiliki ekuitas negatif pada laporan Keuangan terakhir. |
CENT;5 : Memiliki ekuitas negatif pada laporan Keuangan terakhir. |
KOIN;5 : Memiliki ekuitas negatif pada laporan Keuangan terakhir. |
ABBA;5 : Memiliki ekuitas negatif pada laporan Keuangan terakhir. |
ABDA;7 : Memiliki likuiditas rendah dengan kriteria nilai transaksi rata-rata harian saham kurang dari Rp5.000.000,00 (lima juta rupiah) dan volume transaksi rata-rata harian saham kurang dari 10.000 (sepuluh ribu) saham selama 6 (enam) bulan terakhir di Pasar Reguler dan/atau Pasar Reguler Periodic Call Auction. |
BKSL;1 : Harga rata-rata saham selama 6 bulan terakhir di Pasar Reguler dan/atau Pasar Reguler Periodic Call Auction kurang dari Rp51,00. |
BIPP;1 : Harga rata-rata saham selama 6 bulan terakhir di Pasar Reguler dan/atau Pasar Reguler Periodic Call Auction kurang dari Rp51,00. |
HRME;1 : Harga rata-rata saham selama 6 bulan terakhir di Pasar Reguler dan/atau Pasar Reguler Periodic Call Auction kurang dari Rp51,00. |
IBST;7 : Memiliki likuiditas rendah dengan kriteria nilai transaksi rata-rata harian saham kurang dari Rp5.000.000,00 (lima juta rupiah) dan volume transaksi rata-rata harian saham kurang dari 10.000 (sepuluh ribu) saham selama 6 (enam) bulan terakhir di Pasar Reguler dan/atau Pasar Reguler Periodic Call Auction. |
HOPE;1 : Harga rata-rata saham selama 6 bulan terakhir di Pasar Reguler dan/atau Pasar Reguler Periodic Call Auction kurang dari Rp51,00. |
LIFE;7 : Memiliki likuiditas rendah dengan kriteria nilai transaksi rata-rata harian saham kurang dari Rp5.000.000,00 (lima juta rupiah) dan volume transaksi rata-rata harian saham kurang dari 10.000 (sepuluh ribu) saham selama 6 (enam) bulan terakhir di Pasar Reguler dan/atau Pasar Reguler Periodic Call Auction. |
RBMS;1 : Harga rata-rata saham selama 6 bulan terakhir di Pasar Reguler dan/atau Pasar Reguler Periodic Call Auction kurang dari Rp51,00. |
SURE;7 : Memiliki likuiditas rendah dengan kriteria nilai transaksi rata-rata harian saham kurang dari Rp5.000.000,00 (lima juta rupiah) dan volume transaksi rata-rata harian saham kurang dari 10.000 (sepuluh ribu) saham selama 6 (enam) bulan terakhir di Pasar Reguler dan/atau Pasar Reguler Periodic Call Auction. |
SOHO;7 : Memiliki likuiditas rendah dengan kriteria nilai transaksi rata-rata harian saham kurang dari Rp5.000.000,00 (lima juta rupiah) dan volume transaksi rata-rata harian saham kurang dari 10.000 (sepuluh ribu) saham selama 6 (enam) bulan terakhir di Pasar Reguler dan/atau Pasar Reguler Periodic Call Auction. |
TRUE;1 : Harga rata-rata saham selama 6 bulan terakhir di Pasar Reguler dan/atau Pasar Reguler Periodic Call Auction kurang dari Rp51,00. |
WINR;1 : Harga rata-rata saham selama 6 bulan terakhir di Pasar Reguler dan/atau Pasar Reguler Periodic Call Auction kurang dari Rp51,00. |
ZINC;1 : Harga rata-rata saham selama 6 bulan terakhir di Pasar Reguler dan/atau Pasar Reguler Periodic Call Auction kurang dari Rp51,00. |
BOSS;5 : Memiliki ekuitas negatif pada laporan Keuangan terakhir. |9 : Anak perusahaan yang kontribusi pendapatannya material terhadap Perusahaan Tercatat, dalam kondisi dimohonkan PKPU, pailit, atau pembatalan perdamaian. |
ARTI;1 : Harga rata-rata saham selama 6 bulan terakhir di Pasar Reguler dan/atau Pasar Reguler Periodic Call Auction kurang dari Rp51,00. |2 : Laporan Keuangan Auditan terakhir mendapatkan opini tidak menyatakan pendapat (disclaimer). |5 : Memiliki ekuitas negatif pada laporan Keuangan terakhir. |7 : Memiliki likuiditas rendah dengan kriteria nilai transaksi rata-rata harian saham kurang dari Rp5.000.000,00 (lima juta rupiah) dan volume transaksi rata-rata harian saham kurang dari 10.000 (sepuluh ribu) saham selama 6 (enam) bulan terakhir di Pasar Reguler dan/atau Pasar Reguler Periodic Call Auction. |
CSMI;7 : Memiliki likuiditas rendah dengan kriteria nilai transaksi rata-rata harian saham kurang dari Rp5.000.000,00 (lima juta rupiah) dan volume transaksi rata-rata harian saham kurang dari 10.000 (sepuluh ribu) saham selama 6 (enam) bulan terakhir di Pasar Reguler dan/atau Pasar Reguler Periodic Call Auction. |
VIVA;1 : Harga rata-rata saham selama 6 bulan terakhir di Pasar Reguler dan/atau Pasar Reguler Periodic Call Auction kurang dari Rp51,00. |5 : Memiliki ekuitas negatif pada laporan Keuangan terakhir. |
JKSW;3 : Tidak membukukan pendapatan atau tidak terdapat perubahan pendapatan pada Laporan Keuangan Auditan dan/atau Laporan Keuangan Interim terakhir dibandingkan dengan laporan keuangan yang disampaikan sebelumnya. |5 : Memiliki ekuitas negatif pada laporan Keuangan terakhir. |7 : Memiliki likuiditas rendah dengan kriteria nilai transaksi rata-rata harian saham kurang dari Rp5.000.000,00 (lima juta rupiah) dan volume transaksi rata-rata harian saham kurang dari 10.000 (sepuluh ribu) saham selama 6 (enam) bulan terakhir di Pasar Reguler dan/atau Pasar Reguler Periodic Call Auction. |
WSKT;8 : Perusahaan Tercatat dalam kondisi dimohonkan PKPU, pailit, atau pembatalan perdamaian. |
CLAY;7 : Memiliki likuiditas rendah dengan kriteria nilai transaksi rata-rata harian saham kurang dari Rp5.000.000,00 (lima juta rupiah) dan volume transaksi rata-rata harian saham kurang dari 10.000 (sepuluh ribu) saham selama 6 (enam) bulan terakhir di Pasar Reguler dan/atau Pasar Reguler Periodic Call Auction. |
TGRA;1 : Harga rata-rata saham selama 6 bulan terakhir di Pasar Reguler dan/atau Pasar Reguler Periodic Call Auction kurang dari Rp51,00. |3 : Tidak membukukan pendapatan atau tidak terdapat perubahan pendapatan pada Laporan Keuangan Auditan dan/atau Laporan Keuangan Interim terakhir dibandingkan dengan laporan keuangan yang disampaikan sebelumnya. |
SINI;5 : Memiliki ekuitas negatif pada laporan Keuangan terakhir. |
ARGO;7 : Memiliki likuiditas rendah dengan kriteria nilai transaksi rata-rata harian saham kurang dari Rp5.000.000,00 (lima juta rupiah) dan volume transaksi rata-rata harian saham kurang dari 10.000 (sepuluh ribu) saham selama 6 (enam) bulan terakhir di Pasar Reguler dan/atau Pasar Reguler Periodic Call Auction. |
REAL;1 : Harga rata-rata saham selama 6 bulan terakhir di Pasar Reguler dan/atau Pasar Reguler Periodic Call Auction kurang dari Rp51,00. |7 : Memiliki likuiditas rendah dengan kriteria nilai transaksi rata-rata harian saham kurang dari Rp5.000.000,00 (lima juta rupiah) dan volume transaksi rata-rata harian saham kurang dari 10.000 (sepuluh ribu) saham selama 6 (enam) bulan terakhir di Pasar Reguler dan/atau Pasar Reguler Periodic Call Auction. |
SBAT;1 : Harga rata-rata saham selama 6 bulan terakhir di Pasar Reguler dan/atau Pasar Reguler Periodic Call Auction kurang dari Rp51,00. |3 : Tidak membukukan pendapatan atau tidak terdapat perubahan pendapatan pada Laporan Keuangan Auditan dan/atau Laporan Keuangan Interim terakhir dibandingkan dengan laporan keuangan yang disampaikan sebelumnya. |7 : Memiliki likuiditas rendah dengan kriteria nilai transaksi rata-rata harian saham kurang dari Rp5.000.000,00 (lima juta rupiah) dan volume transaksi rata-rata harian saham kurang dari 10.000 (sepuluh ribu) saham selama 6 (enam) bulan terakhir di Pasar Reguler dan/atau Pasar Reguler Periodic Call Auction. |
RODA;1 : Harga rata-rata saham selama 6 bulan terakhir di Pasar Reguler dan/atau Pasar Reguler Periodic Call Auction kurang dari Rp51,00. |
PSKT;1 : Harga rata-rata saham selama 6 bulan terakhir di Pasar Reguler dan/atau Pasar Reguler Periodic Call Auction kurang dari Rp51,00. |
PTDU;1 : Harga rata-rata saham selama 6 bulan terakhir di Pasar Reguler dan/atau Pasar Reguler Periodic Call Auction kurang dari Rp51,00. |
POLA;1 : Harga rata-rata saham selama 6 bulan terakhir di Pasar Reguler dan/atau Pasar Reguler Periodic Call Auction kurang dari Rp51,00. |
POLY;1 : Harga rata-rata saham selama 6 bulan terakhir di Pasar Reguler dan/atau Pasar Reguler Periodic Call Auction kurang dari Rp51,00. |5 : Memiliki ekuitas negatif pada laporan Keuangan terakhir. |
SDMU;1 : Harga rata-rata saham selama 6 bulan terakhir di Pasar Reguler dan/atau Pasar Reguler Periodic Call Auction kurang dari Rp51,00. |
TAMA;1 : Harga rata-rata saham selama 6 bulan terakhir di Pasar Reguler dan/atau Pasar Reguler Periodic Call Auction kurang dari Rp51,00. |
TAMU;1 : Harga rata-rata saham selama 6 bulan terakhir di Pasar Reguler dan/atau Pasar Reguler Periodic Call Auction kurang dari Rp51,00. |
TARA;1 : Harga rata-rata saham selama 6 bulan terakhir di Pasar Reguler dan/atau Pasar Reguler Periodic Call Auction kurang dari Rp51,00. |
LAND;1 : Harga rata-rata saham selama 6 bulan terakhir di Pasar Reguler dan/atau Pasar Reguler Periodic Call Auction kurang dari Rp51,00. |7 : Memiliki likuiditas rendah dengan kriteria nilai transaksi rata-rata harian saham kurang dari Rp5.000.000,00 (lima juta rupiah) dan volume transaksi rata-rata harian saham kurang dari 10.000 (sepuluh ribu) saham selama 6 (enam) bulan terakhir di Pasar Reguler dan/atau Pasar Reguler Periodic Call Auction. |
LAPD;1 : Harga rata-rata saham selama 6 bulan terakhir di Pasar Reguler dan/atau Pasar Reguler Periodic Call Auction kurang dari Rp51,00. |
MDRN;1 : Harga rata-rata saham selama 6 bulan terakhir di Pasar Reguler dan/atau Pasar Reguler Periodic Call Auction kurang dari Rp51,00. |5 : Memiliki ekuitas negatif pada laporan Keuangan terakhir. |
KIAS;1 : Harga rata-rata saham selama 6 bulan terakhir di Pasar Reguler dan/atau Pasar Reguler Periodic Call Auction kurang dari Rp51,00. |
MGNA;1 : Harga rata-rata saham selama 6 bulan terakhir di Pasar Reguler dan/atau Pasar Reguler Periodic Call Auction kurang dari Rp51,00. |7 : Memiliki likuiditas rendah dengan kriteria nilai transaksi rata-rata harian saham kurang dari Rp5.000.000,00 (lima juta rupiah) dan volume transaksi rata-rata harian saham kurang dari 10.000 (sepuluh ribu) saham selama 6 (enam) bulan terakhir di Pasar Reguler dan/atau Pasar Reguler Periodic Call Auction. |
MINA;1 : Harga rata-rata saham selama 6 bulan terakhir di Pasar Reguler dan/atau Pasar Reguler Periodic Call Auction kurang dari Rp51,00. |
MIRA;1 : Harga rata-rata saham selama 6 bulan terakhir di Pasar Reguler dan/atau Pasar Reguler Periodic Call Auction kurang dari Rp51,00. |
MKNT;1 : Harga rata-rata saham selama 6 bulan terakhir di Pasar Reguler dan/atau Pasar Reguler Periodic Call Auction kurang dari Rp51,00. |5 : Memiliki ekuitas negatif pada laporan Keuangan terakhir. |
NASA;1 : Harga rata-rata saham selama 6 bulan terakhir di Pasar Reguler dan/atau Pasar Reguler Periodic Call Auction kurang dari Rp51,00. |
PADI;1 : Harga rata-rata saham selama 6 bulan terakhir di Pasar Reguler dan/atau Pasar Reguler Periodic Call Auction kurang dari Rp51,00. |
PBRX;1 : Harga rata-rata saham selama 6 bulan terakhir di Pasar Reguler dan/atau Pasar Reguler Periodic Call Auction kurang dari Rp51,00. |
ALTO;1 : Harga rata-rata saham selama 6 bulan terakhir di Pasar Reguler dan/atau Pasar Reguler Periodic Call Auction kurang dari Rp51,00. |
ASMI;1 : Harga rata-rata saham selama 6 bulan terakhir di Pasar Reguler dan/atau Pasar Reguler Periodic Call Auction kurang dari Rp51,00. |
BAPI;1 : Harga rata-rata saham selama 6 bulan terakhir di Pasar Reguler dan/atau Pasar Reguler Periodic Call Auction kurang dari Rp51,00. |7 : Memiliki likuiditas rendah dengan kriteria nilai transaksi rata-rata harian saham kurang dari Rp5.000.000,00 (lima juta rupiah) dan volume transaksi rata-rata harian saham kurang dari 10.000 (sepuluh ribu) saham selama 6 (enam) bulan terakhir di Pasar Reguler dan/atau Pasar Reguler Periodic Call Auction. |
CBRE;1 : Harga rata-rata saham selama 6 bulan terakhir di Pasar Reguler dan/atau Pasar Reguler Periodic Call Auction kurang dari Rp51,00. |
BPII;7 : Memiliki likuiditas rendah dengan kriteria nilai transaksi rata-rata harian saham kurang dari Rp5.000.000,00 (lima juta rupiah) dan volume transaksi rata-rata harian saham kurang dari 10.000 (sepuluh ribu) saham selama 6 (enam) bulan terakhir di Pasar Reguler dan/atau Pasar Reguler Periodic Call Auction. |
BSBK;1 : Harga rata-rata saham selama 6 bulan terakhir di Pasar Reguler dan/atau Pasar Reguler Periodic Call Auction kurang dari Rp51,00. |
CTTH;1 : Harga rata-rata saham selama 6 bulan terakhir di Pasar Reguler dan/atau Pasar Reguler Periodic Call Auction kurang dari Rp51,00. |7 : Memiliki likuiditas rendah dengan kriteria nilai transaksi rata-rata harian saham kurang dari Rp5.000.000,00 (lima juta rupiah) dan volume transaksi rata-rata harian saham kurang dari 10.000 (sepuluh ribu) saham selama 6 (enam) bulan terakhir di Pasar Reguler dan/atau Pasar Reguler Periodic Call Auction. |
DIGI;1 : Harga rata-rata saham selama 6 bulan terakhir di Pasar Reguler dan/atau Pasar Reguler Periodic Call Auction kurang dari Rp51,00. |5 : Memiliki ekuitas negatif pada laporan Keuangan terakhir. |7 : Memiliki likuiditas rendah dengan kriteria nilai transaksi rata-rata harian saham kurang dari Rp5.000.000,00 (lima juta rupiah) dan volume transaksi rata-rata harian saham kurang dari 10.000 (sepuluh ribu) saham selama 6 (enam) bulan terakhir di Pasar Reguler dan/atau Pasar Reguler Periodic Call Auction. |
DEAL;1 : Harga rata-rata saham selama 6 bulan terakhir di Pasar Reguler dan/atau Pasar Reguler Periodic Call Auction kurang dari Rp51,00. |5 : Memiliki ekuitas negatif pada laporan Keuangan terakhir. |7 : Memiliki likuiditas rendah dengan kriteria nilai transaksi rata-rata harian saham kurang dari Rp5.000.000,00 (lima juta rupiah) dan volume transaksi rata-rata harian saham kurang dari 10.000 (sepuluh ribu) saham selama 6 (enam) bulan terakhir di Pasar Reguler dan/atau Pasar Reguler Periodic Call Auction. |
DPUM;1 : Harga rata-rata saham selama 6 bulan terakhir di Pasar Reguler dan/atau Pasar Reguler Periodic Call Auction kurang dari Rp51,00. |
DADA;1 : Harga rata-rata saham selama 6 bulan terakhir di Pasar Reguler dan/atau Pasar Reguler Periodic Call Auction kurang dari Rp51,00. |7 : Memiliki likuiditas rendah dengan kriteria nilai transaksi rata-rata harian saham kurang dari Rp5.000.000,00 (lima juta rupiah) dan volume transaksi rata-rata harian saham kurang dari 10.000 (sepuluh ribu) saham selama 6 (enam) bulan terakhir di Pasar Reguler dan/atau Pasar Reguler Periodic Call Auction. |
FLMC;7 : Memiliki likuiditas rendah dengan kriteria nilai transaksi rata-rata harian saham kurang dari Rp5.000.000,00 (lima juta rupiah) dan volume transaksi rata-rata harian saham kurang dari 10.000 (sepuluh ribu) saham selama 6 (enam) bulan terakhir di Pasar Reguler dan/atau Pasar Reguler Periodic Call Auction. |
ENZO;1 : Harga rata-rata saham selama 6 bulan terakhir di Pasar Reguler dan/atau Pasar Reguler Periodic Call Auction kurang dari Rp51,00. |
EPAC;1 : Harga rata-rata saham selama 6 bulan terakhir di Pasar Reguler dan/atau Pasar Reguler Periodic Call Auction kurang dari Rp51,00. |
ESIP;1 : Harga rata-rata saham selama 6 bulan terakhir di Pasar Reguler dan/atau Pasar Reguler Periodic Call Auction kurang dari Rp51,00. |
ESTI;1 : Harga rata-rata saham selama 6 bulan terakhir di Pasar Reguler dan/atau Pasar Reguler Periodic Call Auction kurang dari Rp51,00. |
INTA;1 : Harga rata-rata saham selama 6 bulan terakhir di Pasar Reguler dan/atau Pasar Reguler Periodic Call Auction kurang dari Rp51,00. |5 : Memiliki ekuitas negatif pada laporan Keuangan terakhir. |
IPPE;1 : Harga rata-rata saham selama 6 bulan terakhir di Pasar Reguler dan/atau Pasar Reguler Periodic Call Auction kurang dari Rp51,00. |
IFSH;7 : Memiliki likuiditas rendah dengan kriteria nilai transaksi rata-rata harian saham kurang dari Rp5.000.000,00 (lima juta rupiah) dan volume transaksi rata-rata harian saham kurang dari 10.000 (sepuluh ribu) saham selama 6 (enam) bulan terakhir di Pasar Reguler dan/atau Pasar Reguler Periodic Call Auction. |
IBFN;1 : Harga rata-rata saham selama 6 bulan terakhir di Pasar Reguler dan/atau Pasar Reguler Periodic Call Auction kurang dari Rp51,00. |5 : Memiliki ekuitas negatif pada laporan Keuangan terakhir. |7 : Memiliki likuiditas rendah dengan kriteria nilai transaksi rata-rata harian saham kurang dari Rp5.000.000,00 (lima juta rupiah) dan volume transaksi rata-rata harian saham kurang dari 10.000 (sepuluh ribu) saham selama 6 (enam) bulan terakhir di Pasar Reguler dan/atau Pasar Reguler Periodic Call Auction. |
INCF;1 : Harga rata-rata saham selama 6 bulan terakhir di Pasar Reguler dan/atau Pasar Reguler Periodic Call Auction kurang dari Rp51,00. |
HADE;1 : Harga rata-rata saham selama 6 bulan terakhir di Pasar Reguler dan/atau Pasar Reguler Periodic Call Auction kurang dari Rp51,00. |
HDIT;1 : Harga rata-rata saham selama 6 bulan terakhir di Pasar Reguler dan/atau Pasar Reguler Periodic Call Auction kurang dari Rp51,00. |
TOPS;1 : Harga rata-rata saham selama 6 bulan terakhir di Pasar Reguler dan/atau Pasar Reguler Periodic Call Auction kurang dari Rp51,00. |7 : Memiliki likuiditas rendah dengan kriteria nilai transaksi rata-rata harian saham kurang dari Rp5.000.000,00 (lima juta rupiah) dan volume transaksi rata-rata harian saham kurang dari 10.000 (sepuluh ribu) saham selama 6 (enam) bulan terakhir di Pasar Reguler dan/atau Pasar Reguler Periodic Call Auction. |
YELO;1 : Harga rata-rata saham selama 6 bulan terakhir di Pasar Reguler dan/atau Pasar Reguler Periodic Call Auction kurang dari Rp51,00. |
YPAS;7 : Memiliki likuiditas rendah dengan kriteria nilai transaksi rata-rata harian saham kurang dari Rp5.000.000,00 (lima juta rupiah) dan volume transaksi rata-rata harian saham kurang dari 10.000 (sepuluh ribu) saham selama 6 (enam) bulan terakhir di Pasar Reguler dan/atau Pasar Reguler Periodic Call Auction. |
YULE;7 : Memiliki likuiditas rendah dengan kriteria nilai transaksi rata-rata harian saham kurang dari Rp5.000.000,00 (lima juta rupiah) dan volume transaksi rata-rata harian saham kurang dari 10.000 (sepuluh ribu) saham selama 6 (enam) bulan terakhir di Pasar Reguler dan/atau Pasar Reguler Periodic Call Auction. |
ZATA;1 : Harga rata-rata saham selama 6 bulan terakhir di Pasar Reguler dan/atau Pasar Reguler Periodic Call Auction kurang dari Rp51,00. |
WMPP;1 : Harga rata-rata saham selama 6 bulan terakhir di Pasar Reguler dan/atau Pasar Reguler Periodic Call Auction kurang dari Rp51,00. |
WMUU;1 : Harga rata-rata saham selama 6 bulan terakhir di Pasar Reguler dan/atau Pasar Reguler Periodic Call Auction kurang dari Rp51,00. |
WSBP;1 : Harga rata-rata saham selama 6 bulan terakhir di Pasar Reguler dan/atau Pasar Reguler Periodic Call Auction kurang dari Rp51,00. |5 : Memiliki ekuitas negatif pada laporan Keuangan terakhir. |
ETWA;5 : Memiliki ekuitas negatif pada laporan Keuangan terakhir. |8 : Perusahaan Tercatat dalam kondisi dimohonkan PKPU, pailit, atau pembatalan perdamaian. |
GIAA;5 : Memiliki ekuitas negatif pada laporan Keuangan terakhir. |
SIMA;1 : Harga rata-rata saham selama 6 bulan terakhir di Pasar Reguler dan/atau Pasar Reguler Periodic Call Auction kurang dari Rp51,00. |5 : Memiliki ekuitas negatif pada laporan Keuangan terakhir. |6 : Tidak memenuhi persyaratan untuk dapat tetap tercatat di Bursa sebagaimana diatur Peraturan Nomor I-A dan I-V (terkait Saham Free float). |7 : Memiliki likuiditas rendah dengan kriteria nilai transaksi rata-rata harian saham kurang dari Rp5.000.000,00 (lima juta rupiah) dan volume transaksi rata-rata harian saham kurang dari 10.000 (sepuluh ribu) saham selama 6 (enam) bulan terakhir di Pasar Reguler dan/atau Pasar Reguler Periodic Call Auction. |
SKBM;6 : Tidak memenuhi persyaratan untuk dapat tetap tercatat di Bursa sebagaimana diatur Peraturan Nomor I-A dan I-V (terkait Saham Free float). |
SKLT;6 : Tidak memenuhi persyaratan untuk dapat tetap tercatat di Bursa sebagaimana diatur Peraturan Nomor I-A dan I-V (terkait Saham Free float). |
SKYB;6 : Tidak memenuhi persyaratan untuk dapat tetap tercatat di Bursa sebagaimana diatur Peraturan Nomor I-A dan I-V (terkait Saham Free float). |7 : Memiliki likuiditas rendah dengan kriteria nilai transaksi rata-rata harian saham kurang dari Rp5.000.000,00 (lima juta rupiah) dan volume transaksi rata-rata harian saham kurang dari 10.000 (sepuluh ribu) saham selama 6 (enam) bulan terakhir di Pasar Reguler dan/atau Pasar Reguler Periodic Call Auction. |
SMCB;6 : Tidak memenuhi persyaratan untuk dapat tetap tercatat di Bursa sebagaimana diatur Peraturan Nomor I-A dan I-V (terkait Saham Free float). |
SSTM;6 : Tidak memenuhi persyaratan untuk dapat tetap tercatat di Bursa sebagaimana diatur Peraturan Nomor I-A dan I-V (terkait Saham Free float). |7 : Memiliki likuiditas rendah dengan kriteria nilai transaksi rata-rata harian saham kurang dari Rp5.000.000,00 (lima juta rupiah) dan volume transaksi rata-rata harian saham kurang dari 10.000 (sepuluh ribu) saham selama 6 (enam) bulan terakhir di Pasar Reguler dan/atau Pasar Reguler Periodic Call Auction. |
SUGI;1 : Harga rata-rata saham selama 6 bulan terakhir di Pasar Reguler dan/atau Pasar Reguler Periodic Call Auction kurang dari Rp51,00. |6 : Tidak memenuhi persyaratan untuk dapat tetap tercatat di Bursa sebagaimana diatur Peraturan Nomor I-A dan I-V (terkait Saham Free float). |7 : Memiliki likuiditas rendah dengan kriteria nilai transaksi rata-rata harian saham kurang dari Rp5.000.000,00 (lima juta rupiah) dan volume transaksi rata-rata harian saham kurang dari 10.000 (sepuluh ribu) saham selama 6 (enam) bulan terakhir di Pasar Reguler dan/atau Pasar Reguler Periodic Call Auction. |
TFCO;6 : Tidak memenuhi persyaratan untuk dapat tetap tercatat di Bursa sebagaimana diatur Peraturan Nomor I-A dan I-V (terkait Saham Free float). |7 : Memiliki likuiditas rendah dengan kriteria nilai transaksi rata-rata harian saham kurang dari Rp5.000.000,00 (lima juta rupiah) dan volume transaksi rata-rata harian saham kurang dari 10.000 (sepuluh ribu) saham selama 6 (enam) bulan terakhir di Pasar Reguler dan/atau Pasar Reguler Periodic Call Auction. |
TECH;6 : Tidak memenuhi persyaratan untuk dapat tetap tercatat di Bursa sebagaimana diatur Peraturan Nomor I-A dan I-V (terkait Saham Free float). |
PLAS;1 : Harga rata-rata saham selama 6 bulan terakhir di Pasar Reguler dan/atau Pasar Reguler Periodic Call Auction kurang dari Rp51,00. |6 : Tidak memenuhi persyaratan untuk dapat tetap tercatat di Bursa sebagaimana diatur Peraturan Nomor I-A dan I-V (terkait Saham Free float). |7 : Memiliki likuiditas rendah dengan kriteria nilai transaksi rata-rata harian saham kurang dari Rp5.000.000,00 (lima juta rupiah) dan volume transaksi rata-rata harian saham kurang dari 10.000 (sepuluh ribu) saham selama 6 (enam) bulan terakhir di Pasar Reguler dan/atau Pasar Reguler Periodic Call Auction. |
PLIN;6 : Tidak memenuhi persyaratan untuk dapat tetap tercatat di Bursa sebagaimana diatur Peraturan Nomor I-A dan I-V (terkait Saham Free float). |
PNSE;6 : Tidak memenuhi persyaratan untuk dapat tetap tercatat di Bursa sebagaimana diatur Peraturan Nomor I-A dan I-V (terkait Saham Free float). |7 : Memiliki likuiditas rendah dengan kriteria nilai transaksi rata-rata harian saham kurang dari Rp5.000.000,00 (lima juta rupiah) dan volume transaksi rata-rata harian saham kurang dari 10.000 (sepuluh ribu) saham selama 6 (enam) bulan terakhir di Pasar Reguler dan/atau Pasar Reguler Periodic Call Auction. |
PRAS;6 : Tidak memenuhi persyaratan untuk dapat tetap tercatat di Bursa sebagaimana diatur Peraturan Nomor I-A dan I-V (terkait Saham Free float). |
RSGK;6 : Tidak memenuhi persyaratan untuk dapat tetap tercatat di Bursa sebagaimana diatur Peraturan Nomor I-A dan I-V (terkait Saham Free float). |
SAFE;5 : Memiliki ekuitas negatif pada laporan Keuangan terakhir. |6 : Tidak memenuhi persyaratan untuk dapat tetap tercatat di Bursa sebagaimana diatur Peraturan Nomor I-A dan I-V (terkait Saham Free float). |
RIMO;1 : Harga rata-rata saham selama 6 bulan terakhir di Pasar Reguler dan/atau Pasar Reguler Periodic Call Auction kurang dari Rp51,00. |6 : Tidak memenuhi persyaratan untuk dapat tetap tercatat di Bursa sebagaimana diatur Peraturan Nomor I-A dan I-V (terkait Saham Free float). |7 : Memiliki likuiditas rendah dengan kriteria nilai transaksi rata-rata harian saham kurang dari Rp5.000.000,00 (lima juta rupiah) dan volume transaksi rata-rata harian saham kurang dari 10.000 (sepuluh ribu) saham selama 6 (enam) bulan terakhir di Pasar Reguler dan/atau Pasar Reguler Periodic Call Auction. |
PUDP;6 : Tidak memenuhi persyaratan untuk dapat tetap tercatat di Bursa sebagaimana diatur Peraturan Nomor I-A dan I-V (terkait Saham Free float). |
PURE;6 : Tidak memenuhi persyaratan untuk dapat tetap tercatat di Bursa sebagaimana diatur Peraturan Nomor I-A dan I-V (terkait Saham Free float). |7 : Memiliki likuiditas rendah dengan kriteria nilai transaksi rata-rata harian saham kurang dari Rp5.000.000,00 (lima juta rupiah) dan volume transaksi rata-rata harian saham kurang dari 10.000 (sepuluh ribu) saham selama 6 (enam) bulan terakhir di Pasar Reguler dan/atau Pasar Reguler Periodic Call Auction. |
KPAL;1 : Harga rata-rata saham selama 6 bulan terakhir di Pasar Reguler dan/atau Pasar Reguler Periodic Call Auction kurang dari Rp51,00. |6 : Tidak memenuhi persyaratan untuk dapat tetap tercatat di Bursa sebagaimana diatur Peraturan Nomor I-A dan I-V (terkait Saham Free float). |7 : Memiliki likuiditas rendah dengan kriteria nilai transaksi rata-rata harian saham kurang dari Rp5.000.000,00 (lima juta rupiah) dan volume transaksi rata-rata harian saham kurang dari 10.000 (sepuluh ribu) saham selama 6 (enam) bulan terakhir di Pasar Reguler dan/atau Pasar Reguler Periodic Call Auction. |
KPAS;6 : Tidak memenuhi persyaratan untuk dapat tetap tercatat di Bursa sebagaimana diatur Peraturan Nomor I-A dan I-V (terkait Saham Free float). |7 : Memiliki likuiditas rendah dengan kriteria nilai transaksi rata-rata harian saham kurang dari Rp5.000.000,00 (lima juta rupiah) dan volume transaksi rata-rata harian saham kurang dari 10.000 (sepuluh ribu) saham selama 6 (enam) bulan terakhir di Pasar Reguler dan/atau Pasar Reguler Periodic Call Auction. |8 : Perusahaan Tercatat dalam kondisi dimohonkan PKPU, pailit, atau pembatalan perdamaian. |
KRAH;6 : Tidak memenuhi persyaratan untuk dapat tetap tercatat di Bursa sebagaimana diatur Peraturan Nomor I-A dan I-V (terkait Saham Free float). |7 : Memiliki likuiditas rendah dengan kriteria nilai transaksi rata-rata harian saham kurang dari Rp5.000.000,00 (lima juta rupiah) dan volume transaksi rata-rata harian saham kurang dari 10.000 (sepuluh ribu) saham selama 6 (enam) bulan terakhir di Pasar Reguler dan/atau Pasar Reguler Periodic Call Auction. |
KBRI;1 : Harga rata-rata saham selama 6 bulan terakhir di Pasar Reguler dan/atau Pasar Reguler Periodic Call Auction kurang dari Rp51,00. |3 : Tidak membukukan pendapatan atau tidak terdapat perubahan pendapatan pada Laporan Keuangan Auditan dan/atau Laporan Keuangan Interim terakhir dibandingkan dengan laporan keuangan yang disampaikan sebelumnya. |6 : Tidak memenuhi persyaratan untuk dapat tetap tercatat di Bursa sebagaimana diatur Peraturan Nomor I-A dan I-V (terkait Saham Free float). |7 : Memiliki likuiditas rendah dengan kriteria nilai transaksi rata-rata harian saham kurang dari Rp5.000.000,00 (lima juta rupiah) dan volume transaksi rata-rata harian saham kurang dari 10.000 (sepuluh ribu) saham selama 6 (enam) bulan terakhir di Pasar Reguler dan/atau Pasar Reguler Periodic Call Auction. |
KDSI;6 : Tidak memenuhi persyaratan untuk dapat tetap tercatat di Bursa sebagaimana diatur Peraturan Nomor I-A dan I-V (terkait Saham Free float). |
MFMI;6 : Tidak memenuhi persyaratan untuk dapat tetap tercatat di Bursa sebagaimana diatur Peraturan Nomor I-A dan I-V (terkait Saham Free float). |7 : Memiliki likuiditas rendah dengan kriteria nilai transaksi rata-rata harian saham kurang dari Rp5.000.000,00 (lima juta rupiah) dan volume transaksi rata-rata harian saham kurang dari 10.000 (sepuluh ribu) saham selama 6 (enam) bulan terakhir di Pasar Reguler dan/atau Pasar Reguler Periodic Call Auction. |
MAMI;1 : Harga rata-rata saham selama 6 bulan terakhir di Pasar Reguler dan/atau Pasar Reguler Periodic Call Auction kurang dari Rp51,00. |6 : Tidak memenuhi persyaratan untuk dapat tetap tercatat di Bursa sebagaimana diatur Peraturan Nomor I-A dan I-V (terkait Saham Free float). |7 : Memiliki likuiditas rendah dengan kriteria nilai transaksi rata-rata harian saham kurang dari Rp5.000.000,00 (lima juta rupiah) dan volume transaksi rata-rata harian saham kurang dari 10.000 (sepuluh ribu) saham selama 6 (enam) bulan terakhir di Pasar Reguler dan/atau Pasar Reguler Periodic Call Auction. |8 : Perusahaan Tercatat dalam kondisi dimohonkan PKPU, pailit, atau pembatalan perdamaian. |
MASA;6 : Tidak memenuhi persyaratan untuk dapat tetap tercatat di Bursa sebagaimana diatur Peraturan Nomor I-A dan I-V (terkait Saham Free float). |
MDIA;1 : Harga rata-rata saham selama 6 bulan terakhir di Pasar Reguler dan/atau Pasar Reguler Periodic Call Auction kurang dari Rp51,00. |6 : Tidak memenuhi persyaratan untuk dapat tetap tercatat di Bursa sebagaimana diatur Peraturan Nomor I-A dan I-V (terkait Saham Free float). |
MABA;1 : Harga rata-rata saham selama 6 bulan terakhir di Pasar Reguler dan/atau Pasar Reguler Periodic Call Auction kurang dari Rp51,00. |2 : Laporan Keuangan Auditan terakhir mendapatkan opini tidak menyatakan pendapat (disclaimer). |6 : Tidak memenuhi persyaratan untuk dapat tetap tercatat di Bursa sebagaimana diatur Peraturan Nomor I-A dan I-V (terkait Saham Free float). |7 : Memiliki likuiditas rendah dengan kriteria nilai transaksi rata-rata harian saham kurang dari Rp5.000.000,00 (lima juta rupiah) dan volume transaksi rata-rata harian saham kurang dari 10.000 (sepuluh ribu) saham selama 6 (enam) bulan terakhir di Pasar Reguler dan/atau Pasar Reguler Periodic Call Auction. |
LMPI;6 : Tidak memenuhi persyaratan untuk dapat tetap tercatat di Bursa sebagaimana diatur Peraturan Nomor I-A dan I-V (terkait Saham Free float). |
LMSH;6 : Tidak memenuhi persyaratan untuk dapat tetap tercatat di Bursa sebagaimana diatur Peraturan Nomor I-A dan I-V (terkait Saham Free float). |7 : Memiliki likuiditas rendah dengan kriteria nilai transaksi rata-rata harian saham kurang dari Rp5.000.000,00 (lima juta rupiah) dan volume transaksi rata-rata harian saham kurang dari 10.000 (sepuluh ribu) saham selama 6 (enam) bulan terakhir di Pasar Reguler dan/atau Pasar Reguler Periodic Call Auction. |
LCGP;6 : Tidak memenuhi persyaratan untuk dapat tetap tercatat di Bursa sebagaimana diatur Peraturan Nomor I-A dan I-V (terkait Saham Free float). |7 : Memiliki likuiditas rendah dengan kriteria nilai transaksi rata-rata harian saham kurang dari Rp5.000.000,00 (lima juta rupiah) dan volume transaksi rata-rata harian saham kurang dari 10.000 (sepuluh ribu) saham selama 6 (enam) bulan terakhir di Pasar Reguler dan/atau Pasar Reguler Periodic Call Auction. |
LION;6 : Tidak memenuhi persyaratan untuk dapat tetap tercatat di Bursa sebagaimana diatur Peraturan Nomor I-A dan I-V (terkait Saham Free float). |
MTRA;2 : Laporan Keuangan Auditan terakhir mendapatkan opini tidak menyatakan pendapat (disclaimer). |5 : Memiliki ekuitas negatif pada laporan Keuangan terakhir. |6 : Tidak memenuhi persyaratan untuk dapat tetap tercatat di Bursa sebagaimana diatur Peraturan Nomor I-A dan I-V (terkait Saham Free float). |7 : Memiliki likuiditas rendah dengan kriteria nilai transaksi rata-rata harian saham kurang dari Rp5.000.000,00 (lima juta rupiah) dan volume transaksi rata-rata harian saham kurang dari 10.000 (sepuluh ribu) saham selama 6 (enam) bulan terakhir di Pasar Reguler dan/atau Pasar Reguler Periodic Call Auction. |
MTSM;6 : Tidak memenuhi persyaratan untuk dapat tetap tercatat di Bursa sebagaimana diatur Peraturan Nomor I-A dan I-V (terkait Saham Free float). |
MYRX;1 : Harga rata-rata saham selama 6 bulan terakhir di Pasar Reguler dan/atau Pasar Reguler Periodic Call Auction kurang dari Rp51,00. |6 : Tidak memenuhi persyaratan untuk dapat tetap tercatat di Bursa sebagaimana diatur Peraturan Nomor I-A dan I-V (terkait Saham Free float). |7 : Memiliki likuiditas rendah dengan kriteria nilai transaksi rata-rata harian saham kurang dari Rp5.000.000,00 (lima juta rupiah) dan volume transaksi rata-rata harian saham kurang dari 10.000 (sepuluh ribu) saham selama 6 (enam) bulan terakhir di Pasar Reguler dan/atau Pasar Reguler Periodic Call Auction. |8 : Perusahaan Tercatat dalam kondisi dimohonkan PKPU, pailit, atau pembatalan perdamaian. |
MYTX;5 : Memiliki ekuitas negatif pada laporan Keuangan terakhir. |6 : Tidak memenuhi persyaratan untuk dapat tetap tercatat di Bursa sebagaimana diatur Peraturan Nomor I-A dan I-V (terkait Saham Free float). |
NIPS;6 : Tidak memenuhi persyaratan untuk dapat tetap tercatat di Bursa sebagaimana diatur Peraturan Nomor I-A dan I-V (terkait Saham Free float). |7 : Memiliki likuiditas rendah dengan kriteria nilai transaksi rata-rata harian saham kurang dari Rp5.000.000,00 (lima juta rupiah) dan volume transaksi rata-rata harian saham kurang dari 10.000 (sepuluh ribu) saham selama 6 (enam) bulan terakhir di Pasar Reguler dan/atau Pasar Reguler Periodic Call Auction. |8 : Perusahaan Tercatat dalam kondisi dimohonkan PKPU, pailit, atau pembatalan perdamaian. |
NUSA;1 : Harga rata-rata saham selama 6 bulan terakhir di Pasar Reguler dan/atau Pasar Reguler Periodic Call Auction kurang dari Rp51,00. |6 : Tidak memenuhi persyaratan untuk dapat tetap tercatat di Bursa sebagaimana diatur Peraturan Nomor I-A dan I-V (terkait Saham Free float). |7 : Memiliki likuiditas rendah dengan kriteria nilai transaksi rata-rata harian saham kurang dari Rp5.000.000,00 (lima juta rupiah) dan volume transaksi rata-rata harian saham kurang dari 10.000 (sepuluh ribu) saham selama 6 (enam) bulan terakhir di Pasar Reguler dan/atau Pasar Reguler Periodic Call Auction. |
PGUN;6 : Tidak memenuhi persyaratan untuk dapat tetap tercatat di Bursa sebagaimana diatur Peraturan Nomor I-A dan I-V (terkait Saham Free float). |
GGRP;6 : Tidak memenuhi persyaratan untuk dapat tetap tercatat di Bursa sebagaimana diatur Peraturan Nomor I-A dan I-V (terkait Saham Free float). |
HDTX;5 : Memiliki ekuitas negatif pada laporan Keuangan terakhir. |6 : Tidak memenuhi persyaratan untuk dapat tetap tercatat di Bursa sebagaimana diatur Peraturan Nomor I-A dan I-V (terkait Saham Free float). |7 : Memiliki likuiditas rendah dengan kriteria nilai transaksi rata-rata harian saham kurang dari Rp5.000.000,00 (lima juta rupiah) dan volume transaksi rata-rata harian saham kurang dari 10.000 (sepuluh ribu) saham selama 6 (enam) bulan terakhir di Pasar Reguler dan/atau Pasar Reguler Periodic Call Auction. |
HOTL;1 : Harga rata-rata saham selama 6 bulan terakhir di Pasar Reguler dan/atau Pasar Reguler Periodic Call Auction kurang dari Rp51,00. |6 : Tidak memenuhi persyaratan untuk dapat tetap tercatat di Bursa sebagaimana diatur Peraturan Nomor I-A dan I-V (terkait Saham Free float). |7 : Memiliki likuiditas rendah dengan kriteria nilai transaksi rata-rata harian saham kurang dari Rp5.000.000,00 (lima juta rupiah) dan volume transaksi rata-rata harian saham kurang dari 10.000 (sepuluh ribu) saham selama 6 (enam) bulan terakhir di Pasar Reguler dan/atau Pasar Reguler Periodic Call Auction. |8 : Perusahaan Tercatat dalam kondisi dimohonkan PKPU, pailit, atau pembatalan perdamaian. |9 : Anak perusahaan yang kontribusi pendapatannya material terhadap Perusahaan Tercatat, dalam kondisi dimohonkan PKPU, pailit, atau pembatalan perdamaian. |
HKMU;1 : Harga rata-rata saham selama 6 bulan terakhir di Pasar Reguler dan/atau Pasar Reguler Periodic Call Auction kurang dari Rp51,00. |2 : Laporan Keuangan Auditan terakhir mendapatkan opini tidak menyatakan pendapat (disclaimer). |5 : Memiliki ekuitas negatif pada laporan Keuangan terakhir. |6 : Tidak memenuhi persyaratan untuk dapat tetap tercatat di Bursa sebagaimana diatur Peraturan Nomor I-A dan I-V (terkait Saham Free float). |7 : Memiliki likuiditas rendah dengan kriteria nilai transaksi rata-rata harian saham kurang dari Rp5.000.000,00 (lima juta rupiah) dan volume transaksi rata-rata harian saham kurang dari 10.000 (sepuluh ribu) saham selama 6 (enam) bulan terakhir di Pasar Reguler dan/atau Pasar Reguler Periodic Call Auction. |
JSKY;6 : Tidak memenuhi persyaratan untuk dapat tetap tercatat di Bursa sebagaimana diatur Peraturan Nomor I-A dan I-V (terkait Saham Free float). |7 : Memiliki likuiditas rendah dengan kriteria nilai transaksi rata-rata harian saham kurang dari Rp5.000.000,00 (lima juta rupiah) dan volume transaksi rata-rata harian saham kurang dari 10.000 (sepuluh ribu) saham selama 6 (enam) bulan terakhir di Pasar Reguler dan/atau Pasar Reguler Periodic Call Auction. |8 : Perusahaan Tercatat dalam kondisi dimohonkan PKPU, pailit, atau pembatalan perdamaian. |
JECC;6 : Tidak memenuhi persyaratan untuk dapat tetap tercatat di Bursa sebagaimana diatur Peraturan Nomor I-A dan I-V (terkait Saham Free float). |7 : Memiliki likuiditas rendah dengan kriteria nilai transaksi rata-rata harian saham kurang dari Rp5.000.000,00 (lima juta rupiah) dan volume transaksi rata-rata harian saham kurang dari 10.000 (sepuluh ribu) saham selama 6 (enam) bulan terakhir di Pasar Reguler dan/atau Pasar Reguler Periodic Call Auction. |
INPP;6 : Tidak memenuhi persyaratan untuk dapat tetap tercatat di Bursa sebagaimana diatur Peraturan Nomor I-A dan I-V (terkait Saham Free float). |
DMND;6 : Tidak memenuhi persyaratan untuk dapat tetap tercatat di Bursa sebagaimana diatur Peraturan Nomor I-A dan I-V (terkait Saham Free float). |
DUCK;6 : Tidak memenuhi persyaratan untuk dapat tetap tercatat di Bursa sebagaimana diatur Peraturan Nomor I-A dan I-V (terkait Saham Free float). |7 : Memiliki likuiditas rendah dengan kriteria nilai transaksi rata-rata harian saham kurang dari Rp5.000.000,00 (lima juta rupiah) dan volume transaksi rata-rata harian saham kurang dari 10.000 (sepuluh ribu) saham selama 6 (enam) bulan terakhir di Pasar Reguler dan/atau Pasar Reguler Periodic Call Auction. |
FASW;6 : Tidak memenuhi persyaratan untuk dapat tetap tercatat di Bursa sebagaimana diatur Peraturan Nomor I-A dan I-V (terkait Saham Free float). |7 : Memiliki likuiditas rendah dengan kriteria nilai transaksi rata-rata harian saham kurang dari Rp5.000.000,00 (lima juta rupiah) dan volume transaksi rata-rata harian saham kurang dari 10.000 (sepuluh ribu) saham selama 6 (enam) bulan terakhir di Pasar Reguler dan/atau Pasar Reguler Periodic Call Auction. |
FISH;6 : Tidak memenuhi persyaratan untuk dapat tetap tercatat di Bursa sebagaimana diatur Peraturan Nomor I-A dan I-V (terkait Saham Free float). |7 : Memiliki likuiditas rendah dengan kriteria nilai transaksi rata-rata harian saham kurang dari Rp5.000.000,00 (lima juta rupiah) dan volume transaksi rata-rata harian saham kurang dari 10.000 (sepuluh ribu) saham selama 6 (enam) bulan terakhir di Pasar Reguler dan/atau Pasar Reguler Periodic Call Auction. |
EPMT;6 : Tidak memenuhi persyaratan untuk dapat tetap tercatat di Bursa sebagaimana diatur Peraturan Nomor I-A dan I-V (terkait Saham Free float). |
FORZ;1 : Harga rata-rata saham selama 6 bulan terakhir di Pasar Reguler dan/atau Pasar Reguler Periodic Call Auction kurang dari Rp51,00. |6 : Tidak memenuhi persyaratan untuk dapat tetap tercatat di Bursa sebagaimana diatur Peraturan Nomor I-A dan I-V (terkait Saham Free float). |7 : Memiliki likuiditas rendah dengan kriteria nilai transaksi rata-rata harian saham kurang dari Rp5.000.000,00 (lima juta rupiah) dan volume transaksi rata-rata harian saham kurang dari 10.000 (sepuluh ribu) saham selama 6 (enam) bulan terakhir di Pasar Reguler dan/atau Pasar Reguler Periodic Call Auction. |8 : Perusahaan Tercatat dalam kondisi dimohonkan PKPU, pailit, atau pembatalan perdamaian. |
GAMA;1 : Harga rata-rata saham selama 6 bulan terakhir di Pasar Reguler dan/atau Pasar Reguler Periodic Call Auction kurang dari Rp51,00. |6 : Tidak memenuhi persyaratan untuk dapat tetap tercatat di Bursa sebagaimana diatur Peraturan Nomor I-A dan I-V (terkait Saham Free float). |7 : Memiliki likuiditas rendah dengan kriteria nilai transaksi rata-rata harian saham kurang dari Rp5.000.000,00 (lima juta rupiah) dan volume transaksi rata-rata harian saham kurang dari 10.000 (sepuluh ribu) saham selama 6 (enam) bulan terakhir di Pasar Reguler dan/atau Pasar Reguler Periodic Call Auction. |
GDST;6 : Tidak memenuhi persyaratan untuk dapat tetap tercatat di Bursa sebagaimana diatur Peraturan Nomor I-A dan I-V (terkait Saham Free float). |
GDYR;6 : Tidak memenuhi persyaratan untuk dapat tetap tercatat di Bursa sebagaimana diatur Peraturan Nomor I-A dan I-V (terkait Saham Free float). |
CITA;6 : Tidak memenuhi persyaratan untuk dapat tetap tercatat di Bursa sebagaimana diatur Peraturan Nomor I-A dan I-V (terkait Saham Free float). |
CNTX;5 : Memiliki ekuitas negatif pada laporan Keuangan terakhir. |6 : Tidak memenuhi persyaratan untuk dapat tetap tercatat di Bursa sebagaimana diatur Peraturan Nomor I-A dan I-V (terkait Saham Free float). |7 : Memiliki likuiditas rendah dengan kriteria nilai transaksi rata-rata harian saham kurang dari Rp5.000.000,00 (lima juta rupiah) dan volume transaksi rata-rata harian saham kurang dari 10.000 (sepuluh ribu) saham selama 6 (enam) bulan terakhir di Pasar Reguler dan/atau Pasar Reguler Periodic Call Auction. |
COWL;1 : Harga rata-rata saham selama 6 bulan terakhir di Pasar Reguler dan/atau Pasar Reguler Periodic Call Auction kurang dari Rp51,00. |2 : Laporan Keuangan Auditan terakhir mendapatkan opini tidak menyatakan pendapat (disclaimer). |5 : Memiliki ekuitas negatif pada laporan Keuangan terakhir. |6 : Tidak memenuhi persyaratan untuk dapat tetap tercatat di Bursa sebagaimana diatur Peraturan Nomor I-A dan I-V (terkait Saham Free float). |7 : Memiliki likuiditas rendah dengan kriteria nilai transaksi rata-rata harian saham kurang dari Rp5.000.000,00 (lima juta rupiah) dan volume transaksi rata-rata harian saham kurang dari 10.000 (sepuluh ribu) saham selama 6 (enam) bulan terakhir di Pasar Reguler dan/atau Pasar Reguler Periodic Call Auction. |8 : Perusahaan Tercatat dalam kondisi dimohonkan PKPU, pailit, atau pembatalan perdamaian. |
CPRI;1 : Harga rata-rata saham selama 6 bulan terakhir di Pasar Reguler dan/atau Pasar Reguler Periodic Call Auction kurang dari Rp51,00. |6 : Tidak memenuhi persyaratan untuk dapat tetap tercatat di Bursa sebagaimana diatur Peraturan Nomor I-A dan I-V (terkait Saham Free float). |
BKSW;6 : Tidak memenuhi persyaratan untuk dapat tetap tercatat di Bursa sebagaimana diatur Peraturan Nomor I-A dan I-V (terkait Saham Free float). |
ARTA;6 : Tidak memenuhi persyaratan untuk dapat tetap tercatat di Bursa sebagaimana diatur Peraturan Nomor I-A dan I-V (terkait Saham Free float). |7 : Memiliki likuiditas rendah dengan kriteria nilai transaksi rata-rata harian saham kurang dari Rp5.000.000,00 (lima juta rupiah) dan volume transaksi rata-rata harian saham kurang dari 10.000 (sepuluh ribu) saham selama 6 (enam) bulan terakhir di Pasar Reguler dan/atau Pasar Reguler Periodic Call Auction. |
ADES;6 : Tidak memenuhi persyaratan untuk dapat tetap tercatat di Bursa sebagaimana diatur Peraturan Nomor I-A dan I-V (terkait Saham Free float). |
ALMI;6 : Tidak memenuhi persyaratan untuk dapat tetap tercatat di Bursa sebagaimana diatur Peraturan Nomor I-A dan I-V (terkait Saham Free float). |
AGRS;6 : Tidak memenuhi persyaratan untuk dapat tetap tercatat di Bursa sebagaimana diatur Peraturan Nomor I-A dan I-V (terkait Saham Free float). |
ASRM;6 : Tidak memenuhi persyaratan untuk dapat tetap tercatat di Bursa sebagaimana diatur Peraturan Nomor I-A dan I-V (terkait Saham Free float). |7 : Memiliki likuiditas rendah dengan kriteria nilai transaksi rata-rata harian saham kurang dari Rp5.000.000,00 (lima juta rupiah) dan volume transaksi rata-rata harian saham kurang dari 10.000 (sepuluh ribu) saham selama 6 (enam) bulan terakhir di Pasar Reguler dan/atau Pasar Reguler Periodic Call Auction. |
TOTO;6 : Tidak memenuhi persyaratan untuk dapat tetap tercatat di Bursa sebagaimana diatur Peraturan Nomor I-A dan I-V (terkait Saham Free float). |
TRIO;5 : Memiliki ekuitas negatif pada laporan Keuangan terakhir. |6 : Tidak memenuhi persyaratan untuk dapat tetap tercatat di Bursa sebagaimana diatur Peraturan Nomor I-A dan I-V (terkait Saham Free float). |7 : Memiliki likuiditas rendah dengan kriteria nilai transaksi rata-rata harian saham kurang dari Rp5.000.000,00 (lima juta rupiah) dan volume transaksi rata-rata harian saham kurang dari 10.000 (sepuluh ribu) saham selama 6 (enam) bulan terakhir di Pasar Reguler dan/atau Pasar Reguler Periodic Call Auction. |
LMAS;1 : Harga rata-rata saham selama 6 bulan terakhir di Pasar Reguler dan/atau Pasar Reguler Periodic Call Auction kurang dari Rp51,00. |2 : Laporan Keuangan Auditan terakhir mendapatkan opini tidak menyatakan pendapat (disclaimer). |5 : Memiliki ekuitas negatif pada laporan Keuangan terakhir. |7 : Memiliki likuiditas rendah dengan kriteria nilai transaksi rata-rata harian saham kurang dari Rp5.000.000,00 (lima juta rupiah) dan volume transaksi rata-rata harian saham kurang dari 10.000 (sepuluh ribu) saham selama 6 (enam) bulan terakhir di Pasar Reguler dan/atau Pasar Reguler Periodic Call Auction. |
KAYU;10 : Dikenakan penghentian sementara perdagangan Efek selama lebih dari 1 (satu) hari bursa yang disebabkan oleh aktivitas perdagangan. |
MAGP;1 : Harga rata-rata saham selama 6 bulan terakhir di Pasar Reguler dan/atau Pasar Reguler Periodic Call Auction kurang dari Rp51,00. |7 : Memiliki likuiditas rendah dengan kriteria nilai transaksi rata-rata harian saham kurang dari Rp5.000.000,00 (lima juta rupiah) dan volume transaksi rata-rata harian saham kurang dari 10.000 (sepuluh ribu) saham selama 6 (enam) bulan terakhir di Pasar Reguler dan/atau Pasar Reguler Periodic Call Auction. |
GMTD;7 : Memiliki likuiditas rendah dengan kriteria nilai transaksi rata-rata harian saham kurang dari Rp5.000.000,00 (lima juta rupiah) dan volume transaksi rata-rata harian saham kurang dari 10.000 (sepuluh ribu) saham selama 6 (enam) bulan terakhir di Pasar Reguler dan/atau Pasar Reguler Periodic Call Auction. |
UNIT;7 : Memiliki likuiditas rendah dengan kriteria nilai transaksi rata-rata harian saham kurang dari Rp5.000.000,00 (lima juta rupiah) dan volume transaksi rata-rata harian saham kurang dari 10.000 (sepuluh ribu) saham selama 6 (enam) bulan terakhir di Pasar Reguler dan/atau Pasar Reguler Periodic Call Auction. |
MTPS;1 : Harga rata-rata saham selama 6 bulan terakhir di Pasar Reguler dan/atau Pasar Reguler Periodic Call Auction kurang dari Rp51,00. |7 : Memiliki likuiditas rendah dengan kriteria nilai transaksi rata-rata harian saham kurang dari Rp5.000.000,00 (lima juta rupiah) dan volume transaksi rata-rata harian saham kurang dari 10.000 (sepuluh ribu) saham selama 6 (enam) bulan terakhir di Pasar Reguler dan/atau Pasar Reguler Periodic Call Auction. |
TELE;1 : Harga rata-rata saham selama 6 bulan terakhir di Pasar Reguler dan/atau Pasar Reguler Periodic Call Auction kurang dari Rp51,00. |2 : Laporan Keuangan Auditan terakhir mendapatkan opini tidak menyatakan pendapat (disclaimer). |5 : Memiliki ekuitas negatif pada laporan Keuangan terakhir. |
TIRT;1 : Harga rata-rata saham selama 6 bulan terakhir di Pasar Reguler dan/atau Pasar Reguler Periodic Call Auction kurang dari Rp51,00. |5 : Memiliki ekuitas negatif pada laporan Keuangan terakhir. |
KARW;5 : Memiliki ekuitas negatif pada laporan Keuangan terakhir. |
SONA;10 : Dikenakan penghentian sementara perdagangan Efek selama lebih dari 1 (satu) hari bursa yang disebabkan oleh aktivitas perdagangan. |
SUPR;6 : Tidak memenuhi persyaratan untuk dapat tetap tercatat di Bursa sebagaimana diatur Peraturan Nomor I-A dan I-V (terkait Saham Free float). |7 : Memiliki likuiditas rendah dengan kriteria nilai transaksi rata-rata harian saham kurang dari Rp5.000.000,00 (lima juta rupiah) dan volume transaksi rata-rata harian saham kurang dari 10.000 (sepuluh ribu) saham selama 6 (enam) bulan terakhir di Pasar Reguler dan/atau Pasar Reguler Periodic Call Auction. |
INAF;5 : Memiliki ekuitas negatif pada laporan Keuangan terakhir. |6 : Tidak memenuhi persyaratan untuk dapat tetap tercatat di Bursa sebagaimana diatur Peraturan Nomor I-A dan I-V (terkait Saham Free float). |
CBMF;1 : Harga rata-rata saham selama 6 bulan terakhir di Pasar Reguler dan/atau Pasar Reguler Periodic Call Auction kurang dari Rp51,00. |6 : Tidak memenuhi persyaratan untuk dapat tetap tercatat di Bursa sebagaimana diatur Peraturan Nomor I-A dan I-V (terkait Saham Free float). |7 : Memiliki likuiditas rendah dengan kriteria nilai transaksi rata-rata harian saham kurang dari Rp5.000.000,00 (lima juta rupiah) dan volume transaksi rata-rata harian saham kurang dari 10.000 (sepuluh ribu) saham selama 6 (enam) bulan terakhir di Pasar Reguler dan/atau Pasar Reguler Periodic Call Auction. |
BABY;6 : Tidak memenuhi persyaratan untuk dapat tetap tercatat di Bursa sebagaimana diatur Peraturan Nomor I-A dan I-V (terkait Saham Free float). |
AIMS;3 : Tidak membukukan pendapatan atau tidak terdapat perubahan pendapatan pada Laporan Keuangan Auditan dan/atau Laporan Keuangan Interim terakhir dibandingkan dengan laporan keuangan yang disampaikan sebelumnya. |
TOYS;6 : Tidak memenuhi persyaratan untuk dapat tetap tercatat di Bursa sebagaimana diatur Peraturan Nomor I-A dan I-V (terkait Saham Free float). |
TRAM;1 : Harga rata-rata saham selama 6 bulan terakhir di Pasar Reguler dan/atau Pasar Reguler Periodic Call Auction kurang dari Rp51,00. |7 : Memiliki likuiditas rendah dengan kriteria nilai transaksi rata-rata harian saham kurang dari Rp5.000.000,00 (lima juta rupiah) dan volume transaksi rata-rata harian saham kurang dari 10.000 (sepuluh ribu) saham selama 6 (enam) bulan terakhir di Pasar Reguler dan/atau Pasar Reguler Periodic Call Auction. |
ENVY;1 : Harga rata-rata saham selama 6 bulan terakhir di Pasar Reguler dan/atau Pasar Reguler Periodic Call Auction kurang dari Rp51,00. |3 : Tidak membukukan pendapatan atau tidak terdapat perubahan pendapatan pada Laporan Keuangan Auditan dan/atau Laporan Keuangan Interim terakhir dibandingkan dengan laporan keuangan yang disampaikan sebelumnya. |5 : Memiliki ekuitas negatif pada laporan Keuangan terakhir. |7 : Memiliki likuiditas rendah dengan kriteria nilai transaksi rata-rata harian saham kurang dari Rp5.000.000,00 (lima juta rupiah) dan volume transaksi rata-rata harian saham kurang dari 10.000 (sepuluh ribu) saham selama 6 (enam) bulan terakhir di Pasar Reguler dan/atau Pasar Reguler Periodic Call Auction. |
WICO;5 : Memiliki ekuitas negatif pada laporan Keuangan terakhir. |6 : Tidak memenuhi persyaratan untuk dapat tetap tercatat di Bursa sebagaimana diatur Peraturan Nomor I-A dan I-V (terkait Saham Free float). |7 : Memiliki likuiditas rendah dengan kriteria nilai transaksi rata-rata harian saham kurang dari Rp5.000.000,00 (lima juta rupiah) dan volume transaksi rata-rata harian saham kurang dari 10.000 (sepuluh ribu) saham selama 6 (enam) bulan terakhir di Pasar Reguler dan/atau Pasar Reguler Periodic Call Auction. |
DMMX;10 : Dikenakan penghentian sementara perdagangan Efek selama lebih dari 1 (satu) hari bursa yang disebabkan oleh aktivitas perdagangan. |
